I.c.5	DQ256376
I.c.5	KU978770
I.c.5	GQ851605
I.c.5	GQ851604
I.c.5	JX041632
I.b.kunjin	KX394398
I.b.kunjin	KX394397
I.b.kunjin	D00246
I.b.kunjin	GQ851602
I.b.kunjin	KX394396
I.b.kunjin	KX394399
I.b.kunjin	KX394401
I.b.kunjin	KX394400
I.b.kunjin	KX394402
I.b.kunjin	KX394406
I.b.kunjin	KX394407
I.b.kunjin	KX394392
I.b.kunjin	KX394405
I.b.kunjin	KX394393
I.b.kunjin	KX394403
I.b.kunjin	KX394408
I.b.kunjin	KX394404
I.b.kunjin	KX394409
I.b.kunjin	KX394410
I.b.kunjin	KX394383
I.b.kunjin	KX394389
I.b.kunjin	KX394384
I.b.kunjin	KX394387
I.b.kunjin	KX394388
I.b.kunjin	KX394386
I.b.kunjin	KX394385
I.b.kunjin	KX394391
I.b.kunjin	KX394390
I.b.kunjin	KX394411
I.b.kunjin	KX394381
I.b.kunjin	KX394394
I.b.kunjin	KT934796
I.b.kunjin	KT934797
I.b.kunjin	GQ851603
I.b.kunjin	KX394395
I.b.kunjin	KT934798
I.b.kunjin	KT934799
I.b.kunjin	KT934803
I.b.kunjin	KT934800
I.b.kunjin	KT934802
I.b.kunjin	KT934801
I.b.kunjin	MN954648
I.b.kunjin	JX123030
I.b.kunjin	JX123031
I.b.kunjin	KX394382
I.b.kunjin	JN887352
I.b.kunjin	KT934804
I.a.1	JX070655
I.a.1	AY603654
I.a.1	AY490240
I.a.1	JX041628
I.a.1	JX041629
I.a.1	JX041630
I.a.1	HM051416
I.a.1	KU978768
I.a.1	JX041633
I.a.1	KT163243
I.a.1	EU249803
I.a.1.Eg51	AM404308
I.a.1.Eg51	EU081844
I.a.1.Eg51	AF260968
I.a.5	GQ851606
I.a.5	GQ851607
I.a	KJ958922
I.a.6	GQ851608
I.a	MW915462
I.a	OP846974
I.a	OP846975
I.a	OP846971
I.a	OP846973
I.a.2.Ro96	AF260969
I.a.2	AY278442
I.a	MN149538
I.a.2.Rus99a	AF317203
I.a.2.Rus99b	AY277252
I.a.2	AY262283
I.a	KY703854
I.a	KC243146
I.a	LC489409
I.a	MF797870
I.a	OP617270
I.a	KU588135
I.a.2	HM152775
I.a.2	AY701412
I.a	ON813216
I.a.2	AY268132
I.a	MW835364
I.a	KC954092
I.a.2	JQ928174
I.a.2	JX556213
I.a	KF647253
I.a	KF823807
I.a.2	JQ928175
I.a.2	JN858069
I.a.2	AF404757
I.a.2	JF707789
I.a.2	FJ766331
I.a.2	FJ766332
I.a.2	AY701413
I.a.2.E1	AJ965628
I.a.2.E1	AJ965626
I.a.2	DQ786572
I.a.2	DQ786573
I.a.2	JF719069
	ON813215
	OQ689696
	OQ689697
I.a	MW627239
	OQ552605
	OP850023
I.a	MW835351
I.a.2	JF719066
I.a.2	JF719067
I.a.2	JF719065
I.a	MW835354
I.a.2	FJ483548
I.a	MW835353
I.a	KF234080
I.a.2	JF719068
I.a.2	GU011992
I.a	KU573078
I.a	MW835355
I.a	KU573079
I.a.2	FJ483549
I.a	MW835352
I.a	KU573077
I.a	MW835358
I.a	MW835357
I.a	MW835356
I.a	MW835362
I.a	MW835359
I.a	MW835361
I.a	MW835360
I.a	MW835363
	OR472391
I.a	OP643864
	OQ357819
I.a	OP643863
	HG994351
	OU953898
	OU953895
	HG994353
	HG994352
	OU953897
	OU953896
	HG994354
I.a	OP846979
I.a	MT863559
I.a	ON813212
I.a	ON813213
I.a	ON813211
	OQ357822
	OQ357821
I.a	OP846981
	OQ357820
I.a	ON813214
I.a	OP846978
I.a	ON813210
I.a	OP846980
I.a	OP846982
	OP850022
	OP850021
I.a	OP734262
I.a	OP734265
I.a	OP734264
I.a	OP734267
I.a	OP734263
I.a	OP734266
I.a	OP734273
I.a	OP734268
I.a	OP734270
I.a	OP734274
I.a	OP734272
I.a	OP734269
I.a	OP734271
I.a	OP609794
I.a	OP009523
I.a	OP009519
I.a	OP609811
I.a	OP609801
I.a	OP609798
I.a	OP009520
I.a	OP609796
I.a	OP009521
I.a	OP009522
I.a	OP609815
I.a	OP609793
I.a	OP609812
I.a	OP609807
I.a	OP609813
I.a	OP609800
I.a	OP609809
I.a	OP609803
I.a	OP609808
I.a	OP609797
I.a	OP609802
I.a	OP609804
I.a	OP609792
I.a	OP609806
I.a	OP609814
I.a	OP609790
I.a	OP609805
I.a	OP609795
I.a	OP609791
I.a	OP009524
I.a	OP009525
I.a	OP609810
I.a	OP609799
	OR728658
I.a.3	KC601756
I.a	JX442279
I.a.3	AY278441
I.a.3	JX041634
I.a.3	DQ374652
I.a.3	DQ411029
I.a.3	DQ411031
I.a.3	DQ411030
I.a.3	DQ374650
I.a.3	DQ411032
I.a.3	DQ374651
I.a.3	DQ377179
I.a.3	DQ377180
I.a.3	DQ374653
I.a.3	DQ377178
I.a.3	DQ411033
I.a.3	DQ411034
I.a.3	DQ411035
I.a	OP846977
I.a.4-NY99.Tu97	AY268133
I.a.4-NY99	DQ118127
I.a.4-NY99.Is98	AF481864
I.a.4-NY99.Is98	KR107956
I.a.4-NY99	HM152773
I.a.4-NY99	MH166903
I.a.4-NY99	HQ596519
I.a.4-NY99.a	AF202541
I.a.4-NY99	FJ151394
I.a.4-NY99	HQ671718
I.a.4-NY99	MH166901
I.a.4-NY99	MH166904
I.a.4-NY99	KX547393
I.a.4-NY99	KX547378
I.a.4-NY99	HQ671715
I.a.4-NY99	KX547210
I.a.4-NY99	HQ671696
I.a.4-NY99	KJ786934
I.a.4-NY99	AF533540
I.a.4-NY99	HQ671716
I.a.4-NY99	HQ671717
I.a.4-NY99	HM488134
I.a.4-NY99	HM488135
I.a.4-NY99	HQ671710
I.a.4-NY99	KX547519
I.a.4-NY99	HQ671708
I.a.4-NY99	HM488132
I.a.4-NY99	KJ501343
I.a.4-NY99	KJ501289
I.a.4-NY99	KJ501318
I.a.4-NY99	KJ501299
I.a.4-NY99	KJ501494
I.a.4-NY99	KJ501288
I.a.4-NY99	KJ501290
I.a.4-NY99	KJ501344
I.a.4-NY99	KJ501279
I.a.4-NY99	GQ379160
I.a.4-NY99	JN716371
I.a.4-NY99	JN716372
I.a.4-NY99	KU978766
I.a.4-NY99	HM488125
I.a.4-NY99	FJ527738
I.a.4-NY99	AY289214
I.a.4-NY99	GQ379161
I.a.4-NY99	HQ671706
I.a.4-NY99	HQ671707
I.a.4-NY99	HH961658
I.a.4-NY99	AF206518
I.a.4-NY99	KX547272
I.a.4-NY99	KX547203
I.a.4-NY99	JF920307
I.a.4-NY99	HQ671719
I.a.4-NY99	HM488133
I.a.4-NY99	HM488136
I.a.4-NY99	HM538578
I.a.4-NY99	HQ671712
I.a.4-NY99	KX547353
I.a.4-NY99	DQ164194
I.a.4-NY99	FJ411043
I.a.4-NY99	AB185914
I.a.4-NY99	AB185915
I.a.4-NY99	AF404753
I.a.4-NY99	KJ145814
I.a.4-NY99	KJ501480
I.a.4-NY99	JN819316
I.a.4-NY99	DQ164192
I.a.4-NY99	JN819315
I.a.4-NY99	DQ164187
I.a.4-NY99	KJ501293
I.a.4-NY99	KJ501313
I.a.4-NY99	HM488127
I.a.4-NY99	HM488126
I.a.4-NY99	HM488128
I.a.4-NY99	KJ145800
I.a.4-NY99	KX547395
I.a.4-NY99	KX547564
I.a.4-NY99	KX547320
I.a.4-NY99	HQ671697
I.a.4-NY99	HQ671714
I.a.4-NY99	HQ671713
I.a.4-NY99	AF260967
I.a.4-NY99	AB185916
I.a.4-NY99	AB185917
I.a.4-NY99	HQ671709
I.a.4-NY99.b	AF196835
I.a.4-NY99	KM083619
I.a.4-NY99	CS568914
I.a.4-NY99	CS543188
I.a.4-NY99	MT840695
I.a.4-NY99	MT840694
I.a.4-NY99	MT840692
I.a.4-NY99	MT840693
I.a.4-NY99	MT840691
I.a.4-NY99	MT840699
I.a.4-NY99	MT840698
I.a.4-NY99	MT840696
I.a.4-NY99	MT840697
I.a.4-NY99	MT840690
I.a.4-NY99	AF404754
I.a.4-NY99	HM488129
I.a.4-NY99	MH166882
I.a.4-NY99	HQ671736
I.a.4-NY99	HM488131
I.a.4-NY99	EF571854
I.a.4-NY99	KC407666
I.a.4-NY99	MZ605381
I.a.4-NY99	KC407667
I.a.4-NY99	OK572999
II	NC
I.a.4-NY99	HC467807
I.a.4-NY99	HW816192
I.a.4-NY99	DQ211652
I.a.4-NY99	HV572312
I.a.4-NY99	KX547266
I.a.4-NY99	MW420988
I.a.4-NY99	MN849176
I.a.4-NY99	MW420989
I.a.4-NY99	MW420987
I.a.4-NY99	KX547492
I.a.4-NY99	KX547228
I.a.4-NY99	KX547584
I.a.4-NY99	KX547602
I.a.4-NY99	KX547316
I.a.4-NY99	KX547478
I.a.4-NY99	KX547466
I.a.4-NY99	HQ671711
I.a.4-NY99	HM488130
I.a.4-NY99	KJ501493
I.a.4-NY99	KJ501445
I.a.4-NY99	KJ501465
I.a.4-NY99	JN819317
I.a.4-NY99	KJ501515
I.a.4-NY99	HM488249
I.a.4-NY99	KJ501378
I.a.4-NY99	KJ501450
I.a.4-NY99	KJ501269
I.a.4-NY99	KJ501486
I.a.4-NY99	KJ501278
I.a.4-NY99	KJ501277
I.a.4-NY99	KX547490
I.a.4-NY99	KX547251
I.a.4-NY99	HM756662
I.a.4-NY99	HM756664
I.a.4-NY99	HM756663
I.a.4-NY99	DQ164188
I.a.4-NY99	KX547194
I.a.4-NY99	HM488247
I.a.4-NY99	HM488246
I.a.4-NY99	HM488175
I.a.4-NY99	HM756653
I.a.4-NY99	HM488248
I.a.4-NY99	KJ501374
I.a.4-NY99	KX547554
I.a.4-NY99	KX547509
I.a.4-NY99	KX547261
I.a.4-NY99	HM756661
I.a.4-NY99	KX547484
I.a.4-NY99	KX547179
I.a.4-NY99	KJ145813
I.a.4-NY99	KX547538
I.a.4-NY99	KJ501270
I.a.4-NY99	KJ501375
I.a.4-NY99	EF657887
I.a.4-NY99	EF530047
I.a.4-NY99	AF404756
I.a.4-NY99	HH961659
I.a.4-NY99	JX503085
I.a.4-NY99	JX503089
I.a.4-NY99	JX503093
I.a.4-NY99	JX503092
I.a.4-NY99	JX503087
I.a.4-NY99	JX503084
I.a.4-NY99	HQ671683
I.a.4-NY99	JX503088
I.a.4-NY99	JX503094
I.a.4-NY99	JX503097
I.a.4-NY99	JX503090
I.a.4-NY99	JX503099
I.a.4-NY99	JX503098
I.a.4-NY99	JX503091
I.a.4-NY99	JX503086
I.a.4-NY99	JX503096
I.a.4-NY99	JX503095
I.a.4-NY99	HQ705674
I.a.4-NY99	HQ671679
I.a.4-NY99	HQ671687
I.a.4-NY99	JF899534
I.a.4-NY99	JN183893
I.a.4-NY99	HQ891013
I.a.4-NY99	HQ891011
I.a.4-NY99	HQ671680
I.a.4-NY99	HQ671684
I.a.4-NY99	JF899535
I.a.4-NY99	HQ705673
I.a.4-NY99	HQ671731
I.a.4-NY99	JF357959
I.a.4-NY99	HQ705671
I.a.4-NY99	HQ671689
I.a.4-NY99	HQ705676
I.a.4-NY99	HQ671733
I.a.4-NY99	JN817352
I.a.4-NY99	HQ671688
I.a.4-NY99	HQ705675
I.a.4-NY99	HQ891009
I.a.4-NY99	HQ891010
I.a.4-NY99	JF730040
I.a.4-NY99	HQ671686
I.a.4-NY99	HQ671685
I.a.4-NY99	HQ891012
I.a.4-NY99	HQ671668
I.a.4-NY99	HQ705670
I.a.4-NY99	JF899531
I.a.4-NY99	JF899532
I.a.4-NY99	JN183897
I.a.4-NY99	JN183896
I.a.4-NY99	JF784158
I.a.4-NY99	HQ671669
I.a.4-NY99	HQ705672
I.a.4-NY99	JF730041
I.a.4-NY99	JF899537
I.a.4-NY99	HQ671670
I.a.4-NY99	HQ671671
I.a.4-NY99	JN183895
I.a.4-NY99	JF357958
I.a.4-NY99	HQ671673
I.a.4-NY99	JF899530
I.a.4-NY99	HQ671674
I.a.4-NY99	JN183894
I.a.4-NY99	HQ671675
I.a.4-NY99	JF899536
I.a.4-NY99	HQ671732
I.a.4-NY99	JF899533
I.a.4-NY99	HQ671676
I.a.4-NY99	HQ671672
I.a.4-NY99	HQ671690
I.a.4-NY99	HQ671682
I.a.4-NY99	HQ671681
I.a.4-NY99	HQ671677
I.a.4-NY99	HQ671691
I.a.4-NY99	HQ705663
I.a.4-NY99	HQ671678
I.a.4-NY99	KX547386
I.a.4-NY99	AF404755
I.a.4-NY99	KJ501233
I.a.4-NY99	KJ501379
I.a.4-NY99	KJ501468
I.a.4-NY99	KJ501473
I.a.4-NY99	DQ983578
I.a.4-NY99	MH170242
I.a.4-NY99	KJ501320
I.a.4-NY99	JN051153
I.a.4-NY99	KU978769
I.a.4-NY99	JN051152
I.a.4-NY99	AY660002
I.a.4-NY99	KJ501492
I.a.4-NY99	KJ501489
I.a.4-NY99	OP422646
I.a.4-NY99	ON782109
I.a.4-NY99	ON782108
I.a.4-NY99	MH643887
I.a.4-NY99	MT905060
I.a.4-NY99	GQ379156
I.a.4-NY99	DQ164202
I.a.4-NY99	KJ501362
I.a.4-NY99	MH170276
I.a.4-NY99	KJ501516
I.a.4-NY99	KJ501317
I.a.4-NY99	KJ501393
I.a.4-NY99	KJ501394
I.a.4-NY99	MH166886
I.a.4-NY99	KJ501332
I.a.4-NY99	MH166887
I.a.4-NY99	MH166899
I.a.4-NY99	KX547428
I.a.4-NY99	KX547414
I.a.4-NY99	KX547252
I.a.4-NY99	KX547322
I.a.4-NY99	KX547301
I.a.4-NY99	KJ501276
I.a.4-NY99	KJ501275
I.a.4-NY99	KJ501395
I.a.4-NY99	DQ080071
I.a.4-NY99	KJ501268
I.a.4-NY99	KJ501264
I.a.4-NY99	KJ501363
I.a.4-NY99	DQ080062
I.a.4-NY99	KJ501512
I.a.4-NY99	KX547253
I.a.4-NY99	DQ431697
I.a.4-NY99	HM488236
I.a.4-NY99	HM488218
I.a.4-NY99	KJ501455
I.a.4-NY99	DQ080072
I.a.4-NY99	MH170263
I.a.4-NY99	MH170273
I.a.4-NY99	KJ501282
I.a.4-NY99	KJ501443
I.a.4-NY99	KJ501234
I.a.4-NY99	KJ501235
I.a.4-NY99	HQ671735
I.a.4-NY99.WN02	KX547304
I.a.4-NY99	OQ721652
I.a.4-NY99.WN02	WNV0000137
I.a.4-NY99.WN02	MH170240
I.a.4-NY99.WN02	KX547430
I.a.4-NY99.WN02	KX547491
I.a.4-NY99.WN02	KX547306
I.a.4-NY99.WN02	WNV0000076
I.a.4-NY99.WN02	WNV0000078
I.a.4-NY99.WN02	KX547171
I.a.4-NY99.WN02	KX547515
I.a.4-NY99.WN02	KX547582
I.a.4-NY99.WN02	WNV0000072
I.a.4-NY99.WN02	WNV0000074
I.a.4-NY99.WN02	WNV0000086
I.a.4-NY99.WN02	KX547589
I.a.4-NY99.WN02	KX547406
I.a.4-NY99.WN02	JF920754
I.a.4-NY99.WN02	JF488095
I.a.4-NY99.WN02	MH819463
I.a.4-NY99.WN02	MH819470
I.a.4-NY99.WN02	WNV0000096
I.a.4-NY99.WN02	WNV0000097
I.a.4-NY99.WN02	MH166920
I.a.4-NY99.WN02	MH166918
I.a.4-NY99.WN02	MH166916
I.a.4-NY99.WN02	MH166893
I.a.4-NY99.WN02	KX547555
I.a.4-NY99.WN02	KC333378
I.a.4-NY99	OQ721368
I.a.4-NY99	OQ721192
I.a.4-NY99.WN02	WNV0000116
I.a.4-NY99	OQ721613
I.a.4-NY99	MT968018
I.a.4-NY99	MT968019
I.a.4-NY99.WN02	MF175868
I.a.4-NY99.WN02	KC333381
I.a.4-NY99.WN02	KJ501230
I.a.4-NY99.WN02	KC736502
I.a.4-NY99.WN02	KC736501
I.a.4-NY99.WN02	KJ501216
I.a.4-NY99.WN02	W1796
I.a.4-NY99.WN02	W1755
I.a.4-NY99	OQ721415
I.a.4-NY99	KJ501227
I.a.4-NY99.WN02	KC736491
I.a.4-NY99.WN02	KC736488
I.a.4-NY99.WN02	KC736487
I.a.4-NY99.WN02	KC736489
I.a.4-NY99.WN02	KC736499
I.a.4-NY99.WN02	MF175811
I.a.4-NY99	OK573276
I.a.4-NY99.WN02	KC711058
I.a.4-NY99.WN02	W1812
I.a.4-NY99.WN02	W1759
I.a.4-NY99.WN02	W1791
I.a.4-NY99.WN02	W1785
I.a.4-NY99.WN02	W1782
I.a.4-NY99.WN02	W1792
I.a.4-NY99.WN02	JF920759
I.a.4-NY99.WN02	KY229074
I.a.4-NY99.WN02	KX547293
I.a.4-NY99.WN02	MH166897
I.a.4-NY99	OQ721703
I.a.4-NY99	OQ721139
I.a.4-NY99.WN02	KX547177
I.a.4-NY99.WN02	KX547315
I.a.4-NY99.WN02	KJ501533
I.a.4-NY99.WN02	W0963
I.a.4-NY99	OQ721845
I.a.4-NY99.WN02	W0986
I.a.4-NY99	MT968024
I.a.4-NY99	OQ721243
I.a.4-NY99.WN02	W1833
I.a.4-NY99.WN02	WNV0000114
I.a.4-NY99.WN02	WNV0000113
I.a.4-NY99	MT968020
I.a.4-NY99.WN02	KX547465
I.a.4-NY99.WN02	MH819447
I.a.4-NY99	OM202905
I.a.4-NY99.WN02	KM012181
I.a.4-NY99.WN02	W1336
I.a.4-NY99.WN02	MF175875
I.a.4-NY99.WN02	W0865
I.a.4-NY99.WN02	WNV0000168
I.a.4-NY99.WN02	WNV0000199
I.a.4-NY99.WN02	WNV0000216
I.a.4-NY99.WN02	WNV0000221
I.a.4-NY99.WN02	WNV0000193
I.a.4-NY99.WN02	KC333376
I.a.4-NY99.WN02	KY229070
I.a.4-NY99.WN02	KX547520
I.a.4-NY99.WN02	WNV0000129
I.a.4-NY99.WN02	KX547337
I.a.4-NY99.WN02	KY216153
I.a.4-NY99.WN02	KX547201
I.a.4-NY99	MT968023
I.a.4-NY99.WN02	KX547333
I.a.4-NY99.WN02	KX547169
I.a.4-NY99.WN02	KX547450
I.a.4-NY99	OQ721386
I.a.4-NY99.WN02	W0982
I.a.4-NY99.WN02	WNV0000169
I.a.4-NY99	MT968028
I.a.4-NY99.WN02	W0952
I.a.4-NY99.WN02	KX547174
I.a.4-NY99	MT968029
I.a.4-NY99.WN02	W1836
I.a.4-NY99.WN02	W1648
I.a.4-NY99	KY782105
I.a.4-NY99.WN02	WNV0000185
I.a.4-NY99.WN02	MH819452
I.a.4-NY99.WN02	W1369
I.a.4-NY99.WN02	W1374
I.a.4-NY99.WN02	KX547200
I.a.4-NY99.WN02	KX547612
I.a.4-NY99.WN02	KY229073
I.a.4-NY99.WN02	W1517
I.a.4-NY99.WN02	WNV0000186
I.a.4-NY99.WN02	W1638
I.a.4-NY99	OQ721568
I.a.4-NY99.WN02	W0978
I.a.4-NY99	OQ721229
I.a.4-NY99	OQ721315
I.a.4-NY99.WN02	WNV0000161
I.a.4-NY99.WN02	WNV0000178
I.a.4-NY99.WN02	WNV0000152
I.a.4-NY99.WN02	WNV0000170
I.a.4-NY99.WN02	WNV0000163
I.a.4-NY99.WN02	W1326
I.a.4-NY99.WN02	W0909
I.a.4-NY99	OQ721133
I.a.4-NY99.WN02	W1303
I.a.4-NY99	MT968030
I.a.4-NY99.WN02	WNV0000151
I.a.4-NY99.WN02	WNV0000182
I.a.4-NY99.WN02	WNV0000227
I.a.4-NY99.WN02	WNV0000018
I.a.4-NY99.WN02	WNV0000154
I.a.4-NY99.WN02	WNV0000174
I.a.4-NY99	OQ721725
I.a.4-NY99.WN02	KX547190
I.a.4-NY99	OQ721424
I.a.4-NY99	MT968025
I.a.4-NY99	OQ721152
I.a.4-NY99	OQ721126
I.a.4-NY99.WN02	W1299
I.a.4-NY99.WN02	W1353
I.a.4-NY99.WN02	MF175824
I.a.4-NY99.WN02	MF175845
I.a.4-NY99.WN02	MF175832
I.a.4-NY99.WN02	MF175846
I.a.4-NY99.WN02	W1633
I.a.4-NY99.WN02	W0972
I.a.4-NY99	MT968027
I.a.4-NY99.WN02	KX547482
I.a.4-NY99.WN02	W0987
I.a.4-NY99.WN02	W1630
I.a.4-NY99	OM202932
I.a.4-NY99.WN02	W1305
I.a.4-NY99.WN02	W1301
I.a.4-NY99.WN02	W1300
I.a.4-NY99.WN02	W1307
I.a.4-NY99.WN02	W1308
I.a.4-NY99	OQ721140
I.a.4-NY99	OQ721311
I.a.4-NY99.WN02	W1647
I.a.4-NY99.WN02	MH819456
I.a.4-NY99.WN02	MH819449
I.a.4-NY99.WN02	KX547254
I.a.4-NY99	MT968026
I.a.4-NY99.WN02	W0981
I.a.4-NY99	OQ721285
I.a.4-NY99.WN02	W1656
I.a.4-NY99	MT968022
I.a.4-NY99	ON994910
I.a.4-NY99.WN02	KX547235
I.a.4-NY99	MT968021
I.a.4-NY99.WN02	WNV0000208
I.a.4-NY99.WN02	WNV0000215
I.a.4-NY99.WN02	WNV0000157
I.a.4-NY99.WN02	WNV0000203
I.a.4-NY99.WN02	WNV0000177
I.a.4-NY99.WN02	WNV0000190
I.a.4-NY99.WN02	WNV0000176
I.a.4-NY99.WN02	WNV0000183
I.a.4-NY99.WN02	WNV0000201
I.a.4-NY99.WN02	WNV0000162
I.a.4-NY99.WN02	WNV0000172
I.a.4-NY99.WN02	WNV0000223
I.a.4-NY99.WN02	WNV0000209
I.a.4-NY99.WN02	WNV0000219
I.a.4-NY99.WN02	WNV0000214
I.a.4-NY99.WN02	WNV0000198
I.a.4-NY99.WN02	WNV0000217
I.a.4-NY99	JN819307
I.a.4-NY99.WN02	HM488114
I.a.4-NY99.WN02	HM488139
I.a.4-NY99.WN02	HM488141
I.a.4-NY99.WN02	HQ705659
I.a.4-NY99.WN02	W1471
I.a.4-NY99.WN02	KJ501355
I.a.4-NY99	KJ501528
I.a.4-NY99.WN02	W1454
I.a.4-NY99	KJ145824
I.a.4-NY99.WN02	HM488244
I.a.4-NY99	KY782116
I.a.4-NY99	KY782120
I.a.4-NY99.WN02	KX547488
I.a.4-NY99.WN02	MH170262
I.a.4-NY99.WN02	KJ501525
I.a.4-NY99.WN02	KJ501506
I.a.4-NY99.WN02	HM488190
I.a.4-NY99.WN02	W1424
I.a.4-NY99.WN02	W1386
I.a.4-NY99.WN02	KJ501488
I.a.4-NY99.WN02	KJ501484
I.a.4-NY99.WN02	KX547529
I.a.4-NY99.WN02	KX547404
I.a.4-NY99.WN02	KX547449
I.a.4-NY99.SW03	W1458
I.a.4-NY99.WN02	KJ501256
I.a.4-NY99.WN02	KX547211
I.a.4-NY99.WN02	KX547500
I.a.4-NY99.WN02	KX547290
I.a.4-NY99.WN02	KX547535
I.a.4-NY99.WN02	KX547442
I.a.4-NY99.WN02	WNV0000102
I.a.4-NY99.WN02	WNV0000100
I.a.4-NY99.WN02	WNV0000095
I.a.4-NY99.WN02	WNV0000085
I.a.4-NY99.WN02	KX547543
I.a.4-NY99.WN02	KX547172
I.a.4-NY99.WN02	JF920742
I.a.4-NY99.WN02	JF920740
I.a.4-NY99.WN02	JF920755
I.a.4-NY99	KY782114
I.a.4-NY99.WN02	JF920748
I.a.4-NY99	OQ721301
I.a.4-NY99.WN02	W1401
I.a.4-NY99.WN02	JF920306
I.a.4-NY99.WN02	HM488171
I.a.4-NY99	JN819324
I.a.4-NY99.WN02	KX547489
I.a.4-NY99.WN02	KX547232
I.a.4-NY99.WN02	HM756657
I.a.4-NY99.WN02	KJ501314
I.a.4-NY99.WN02	DQ164189
I.a.4-NY99	JN819314
I.a.4-NY99	MZ595324
I.a.4-NY99	MZ595337
I.a.4-NY99	MZ595338
I.a.4-NY99	MZ595332
I.a.4-NY99	MZ595333
I.a.4-NY99	MZ595328
I.a.4-NY99	MZ595339
I.a.4-NY99	MZ595336
I.a.4-NY99	MZ595327
I.a.4-NY99	MZ595334
I.a.4-NY99	MZ595335
I.a.4-NY99	MZ595326
I.a.4-NY99	MZ595325
I.a.4-NY99	MZ595331
I.a.4-NY99	MZ595330
I.a.4-NY99	MZ595329
I.a.4-NY99.WN02	KJ501281
I.a.4-NY99.WN02	KX547384
I.a.4-NY99.WN02	W1453
I.a.4-NY99	OQ721453
I.a.4-NY99.WN02	KJ501460
I.a.4-NY99.WN02	HM756656
I.a.4-NY99.WN02	HM488148
I.a.4-NY99.WN02	HM488116
I.a.4-NY99.WN02	HM488156
I.a.4-NY99.WN02	HM488158
I.a.4-NY99	JN819310
I.a.4-NY99	JN819312
I.a.4-NY99	JN819313
I.a.4-NY99.WN02	KJ501365
I.a.4-NY99.WN02	HM488221
I.a.4-NY99.WN02	MH166900
I.a.4-NY99.WN02	JF488091
I.a.4-NY99.WN02	HM488157
I.a.4-NY99	KJ501334
I.a.4-NY99.WN02	HM488213
I.a.4-NY99.WN02	KJ501272
I.a.4-NY99.WN02	MH166892
I.a.4-NY99.WN02	DQ431698
I.a.4-NY99.WN02	KJ501499
I.a.4-NY99.WN02	HM488149
I.a.4-NY99	HM538580
I.a.4-NY99.WN02	HM488115
I.a.4-NY99.WN02	HM488150
I.a.4-NY99.WN02	HM488119
I.a.4-NY99.WN02	HM488117
I.a.4-NY99.WN02	HM488120
I.a.4-NY99.WN02	HM488152
I.a.4-NY99.WN02	HM488153
I.a.4-NY99.WN02	KJ145799
I.a.4-NY99.WN02	HM488118
I.a.4-NY99	KJ145802
I.a.4-NY99.WN02	HM488154
I.a.4-NY99.WN02	HM488151
I.a.4-NY99.WN02	KJ501274
I.a.4-NY99.WN02	KX547617
I.a.4-NY99.WN02	KX547474
I.a.4-NY99.WN02	HM488232
I.a.4-NY99.WN02	HM488231
I.a.4-NY99.WN02	KJ501306
I.a.4-NY99.WN02	MH170228
I.a.4-NY99.WN02	KX547415
I.a.4-NY99.WN02	KJ501294
I.a.4-NY99.WN02	HM488222
I.a.4-NY99.WN02	KJ501291
I.a.4-NY99.WN02	KJ501491
I.a.4-NY99.WN02	W1409
I.a.4-NY99.WN02	HM756659
I.a.4-NY99.WN02	KX547405
I.a.4-NY99.WN02	KJ501448
I.a.4-NY99.WN02	KJ501517
I.a.4-NY99.WN02	KX547299
I.a.4-NY99.WN02	HM488209
I.a.4-NY99.WN02	KJ501483
I.a.4-NY99.WN02	KJ501505
I.a.4-NY99.WN02	KJ501496
I.a.4-NY99.WN02	KJ501497
I.a.4-NY99.WN02	KJ501401
I.a.4-NY99.WN02	KJ501263
I.a.4-NY99.WN02	KX547444
I.a.4-NY99.WN02	MH170243
I.a.4-NY99	OQ721305
I.a.4-NY99.WN02	W1500
I.a.4-NY99.WN02	KX547587
I.a.4-NY99.WN02	W1495
I.a.4-NY99.WN02	KJ501414
I.a.4-NY99.WN02	KX547350
I.a.4-NY99.WN02	KX547616
I.a.4-NY99.WN02	KX547329
I.a.4-NY99.WN02	KX547382
I.a.4-NY99.WN02	KX547435
I.a.4-NY99.WN02	KX547209
I.a.4-NY99.WN02	KX547342
I.a.4-NY99.WN02	WNV0000070
I.a.4-NY99	HM538584
I.a.4-NY99.WN02	KX547516
I.a.4-NY99.WN02	KX547233
I.a.4-NY99.WN02	JF920734
I.a.4-NY99.WN02	KX547224
I.a.4-NY99.WN02	KX547385
I.a.4-NY99.WN02	KX547433
I.a.4-NY99.WN02	KX547180
I.a.4-NY99	HQ671743
I.a.4-NY99.WN02	KJ501452
I.a.4-NY99.WN02	KJ501426
I.a.4-NY99.WN02	KJ501310
I.a.4-NY99.WN02	KX547292
I.a.4-NY99.WN02	KJ501397
I.a.4-NY99.WN02	KX547181
I.a.4-NY99.WN02	JN183887
I.a.4-NY99.WN02	KX547525
I.a.4-NY99.WN02	MH170249
I.a.4-NY99.WN02	MH170229
I.a.4-NY99.WN02	KX547403
I.a.4-NY99.WN02	KX547178
I.a.4-NY99	KY782108
I.a.4-NY99.WN02	WNV0000089
I.a.4-NY99.WN02	KX547399
I.a.4-NY99.WN02	KJ501241
I.a.4-NY99.WN02	KX547477
I.a.4-NY99.WN02	KX547610
I.a.4-NY99.WN02	WNV0000105
I.a.4-NY99.WN02	WNV0000090
I.a.4-NY99.WN02	MH166909
I.a.4-NY99.WN02	WNV0000082
I.a.4-NY99.WN02	KX547186
I.a.4-NY99.WN02	KX547229
I.a.4-NY99.WN02	KX547573
I.a.4-NY99	JN819323
I.a.4-NY99.WN02	HM756670
I.a.4-NY99.WN02	KX547212
I.a.4-NY99.WN02	HM756658
I.a.4-NY99.WN02	W1421
I.a.4-NY99.WN02	KX547459
I.a.4-NY99.WN02	KX547567
I.a.4-NY99.WN02	WNV0000159
I.a.4-NY99.WN02	KJ501285
I.a.4-NY99.WN02	HM488183
I.a.4-NY99.WN02	HM488250
I.a.4-NY99.WN02	KX547566
I.a.4-NY99.WN02	KX547619
I.a.4-NY99.WN02	KX547583
I.a.4-NY99.WN02	HQ671705
I.a.4-NY99.WN02	KX547542
I.a.4-NY99	CS568918
I.a.4-NY99.WN02	AY712947
I.a.4-NY99	JN819321
I.a.4-NY99.WN02	KX547480
I.a.4-NY99.WN02	HQ671701
I.a.4-NY99.WN02	KX547364
I.a.4-NY99.WN02	HM488182
I.a.4-NY99.WN02	KX547408
I.a.4-NY99.WN02	MH819464
I.a.4-NY99.WN02	KX547577
I.a.4-NY99.WN02	KX547409
I.a.4-NY99.WN02	HM488194
I.a.4-NY99.WN02	W1387
I.a.4-NY99	OQ721142
I.a.4-NY99	HM538579
I.a.4-NY99.WN02	KJ501370
I.a.4-NY99.WN02	W1396
I.a.4-NY99.WN02	W1395
I.a.4-NY99.WN02	W1411
I.a.4-NY99	OQ721307
I.a.4-NY99.WN02	KX547244
I.a.4-NY99.WN02	KJ501364
I.a.4-NY99.WN02	MH170265
I.a.4-NY99.WN02	KX547351
I.a.4-NY99.WN02	HM488252
I.a.4-NY99.WN02	KX547487
I.a.4-NY99	HQ671739
I.a.4-NY99.WN02	KX547501
I.a.4-NY99.WN02	KX547461
I.a.4-NY99.WN02	KX547532
I.a.4-NY99	KJ145810
I.a.4-NY99.WN02	JF488093
I.a.4-NY99.WN02	JF899529
I.a.4-NY99.WN02	KX547193
I.a.4-NY99.WN02	KX547479
I.a.4-NY99.WN02	KX547511
I.a.4-NY99.WN02	KX547441
I.a.4-NY99.WN02	KX547502
I.a.4-NY99.WN02	KJ501479
I.a.4-NY99.WN02	KX547469
I.a.4-NY99.WN02	KJ501413
I.a.4-NY99.WN02	KX547413
I.a.4-NY99.WN02	HM488174
I.a.4-NY99.WN02	MH170253
I.a.4-NY99.WN02	W1397
I.a.4-NY99.WN02	KJ501495
I.a.4-NY99	KJ501367
I.a.4-NY99	JN183889
I.a.4-NY99.WN02	KX547383
I.a.4-NY99.WN02	KX547570
I.a.4-NY99.WN02	KX547400
I.a.4-NY99.WN02	JF415920
I.a.4-NY99.WN02	KX547300
I.a.4-NY99.WN02	W1456
I.a.4-NY99.WN02	DQ164186
I.a.4-NY99.WN02	KX547591
I.a.4-NY99.WN02	KX547338
I.a.4-NY99.WN02	JQ700437
I.a.4-NY99.WN02	KX547437
I.a.4-NY99.WN02	HQ671723
I.a.4-NY99.WN02	KX547581
I.a.4-NY99.WN02	KX547205
I.a.4-NY99	HQ671741
I.a.4-NY99.WN02	KX547249
I.a.4-NY99.WN02	MH170247
I.a.4-NY99.WN02	DQ164190
I.a.4-NY99.WN02	KX547327
I.a.4-NY99	JN819309
I.a.4-NY99.WN02	JN183890
I.a.4-NY99.WN02	KX547199
I.a.4-NY99.WN02	HQ671729
I.a.4-NY99.WN02	KX547313
I.a.4-NY99.WN02	KJ501425
I.a.4-NY99.WN02	MH170271
I.a.4-NY99.WN02	MH170261
I.a.4-NY99	JN819318
I.a.4-NY99.WN02	KX547277
I.a.4-NY99.WN02	JN183888
I.a.4-NY99.WN02	W1490
I.a.4-NY99.WN02	MH166913
I.a.4-NY99.WN02	MH166912
I.a.4-NY99.WN02	MH166906
I.a.4-NY99.WN02	MF175850
I.a.4-NY99.WN02	MF175870
I.a.4-NY99	MF175876
I.a.4-NY99.WN02	MF175877
I.a.4-NY99.WN02	MF175873
I.a.4-NY99	KY782118
I.a.4-NY99	KY782121
I.a.4-NY99.WN02	KC333387
I.a.4-NY99	OQ721580
I.a.4-NY99	OQ721270
I.a.4-NY99.WN02	MF175820
I.a.4-NY99.WN02	MF175829
I.a.4-NY99.WN02	MF175816
I.a.4-NY99.WN02	MF175826
I.a.4-NY99.WN02	W1800
I.a.4-NY99	MT968032
I.a.4-NY99.WN02	W1824
I.a.4-NY99	OQ721437
I.a.4-NY99.WN02	W1531
I.a.4-NY99.WN02	W1670
I.a.4-NY99	OQ721351
I.a.4-NY99.WN02	MF175874
I.a.4-NY99.WN02	KX547239
I.a.4-NY99	KY782123
I.a.4-NY99.WN02	WNV0000080
I.a.4-NY99.WN02	WNV0000071
I.a.4-NY99.WN02	WNV0000088
I.a.4-NY99.WN02	WNV0000069
I.a.4-NY99.WN02	WNV0000075
I.a.4-NY99.WN02	WNV0000073
I.a.4-NY99.WN02	KX547319
I.a.4-NY99.WN02	KX547340
I.a.4-NY99.WN02	W0950
I.a.4-NY99	OQ721634
I.a.4-NY99.WN02	HM488167
I.a.4-NY99.WN02	JF920758
I.a.4-NY99.WN02	HM488166
I.a.4-NY99.WN02	HM488170
I.a.4-NY99.WN02	HM488168
I.a.4-NY99.WN02	HM488169
I.a.4-NY99.WN02	KJ501360
I.a.4-NY99.WN02	JF920730
I.a.4-NY99.WN02	JF488097
I.a.4-NY99.WN02	HM488243
I.a.4-NY99.WN02	KX547309
I.a.4-NY99.WN02	WNV0000087
I.a.4-NY99.WN02	HM488199
I.a.4-NY99.WN02	KX547297
I.a.4-NY99.WN02	HM488165
I.a.4-NY99.WN02	KJ501260
I.a.4-NY99.WN02	KC711057
I.a.4-NY99.WN02	WNV0000122
I.a.4-NY99.WN02	WNV0000110
I.a.4-NY99.WN02	WNV0000126
I.a.4-NY99.WN02	KX547518
I.a.4-NY99.WN02	KX547517
I.a.4-NY99.WN02	KC333383
I.a.4-NY99.WN02	MH170260
I.a.4-NY99.WN02	KX547494
I.a.4-NY99.WN02	KJ145828
I.a.4-NY99.WN02	KJ501371
I.a.4-NY99.WN02	W1426
I.a.4-NY99.WN02	KX547374
I.a.4-NY99.WN02	KJ501399
I.a.4-NY99.WN02	KJ501400
I.a.4-NY99.WN02	HM488219
I.a.4-NY99.WN02	KJ501359
I.a.4-NY99	KJ501325
I.a.4-NY99.WN02	KX547165
I.a.4-NY99.WN02	HQ671724
I.a.4-NY99.WN02	KX547223
I.a.4-NY99.WN02	KX547470
I.a.4-NY99.WN02	KJ501305
I.a.4-NY99.WN02	HM488140
I.a.4-NY99.WN02	HM756672
I.a.4-NY99.WN02	KX547317
I.a.4-NY99.WN02	KJ501302
I.a.4-NY99.WN02	KJ501382
I.a.4-NY99.WN02	MH170275
I.a.4-NY99.WN02	MH819471
I.a.4-NY99.WN02	KM012173
I.a.4-NY99.WN02	HM488200
I.a.4-NY99.WN02	KX547595
I.a.4-NY99.WN02	KX547419
I.a.4-NY99.WN02	JF920743
I.a.4-NY99.WN02	KX547248
I.a.4-NY99.WN02	KX547536
I.a.4-NY99.WN02	JF920757
I.a.4-NY99	KY782119
I.a.4-NY99.WN02	KX547278
I.a.4-NY99	OK573259
I.a.4-NY99	OK573277
I.a.4-NY99.WN02	KC333379
I.a.4-NY99.WN02	KC333386
I.a.4-NY99.WN02	KC333382
I.a.4-NY99.WN02	JF957184
I.a.4-NY99	OQ721769
I.a.4-NY99.WN02	MF175827
I.a.4-NY99.WN02	MF175825
I.a.4-NY99	MF175823
I.a.4-NY99.WN02	MF175818
I.a.4-NY99.WN02	MF175828
I.a.4-NY99.WN02	KX547192
I.a.4-NY99.WN02	KX547236
I.a.4-NY99.WN02	KX547416
I.a.4-NY99.WN02	KX547412
I.a.4-NY99.WN02	KX547255
I.a.4-NY99.WN02	KX547507
I.a.4-NY99.WN02	KX547540
I.a.4-NY99.WN02	KX547594
I.a.4-NY99.WN02	MH819462
I.a.4-NY99.WN02	MF175857
I.a.4-NY99.WN02	MF175867
I.a.4-NY99.WN02	WNV0000205
I.a.4-NY99.WN02	WNV0000225
I.a.4-NY99.WN02	WNV0000166
I.a.4-NY99.WN02	WNV0000218
I.a.4-NY99.WN02	W0961
I.a.4-NY99	MT968031
I.a.4-NY99.WN02	WNV0000164
I.a.4-NY99.WN02	W0965
I.a.4-NY99.WN02	WNV0000180
I.a.4-NY99.WN02	WNV0000150
I.a.4-NY99.WN02	WNV0000184
I.a.4-NY99.WN02	WNV0000155
I.a.4-NY99.WN02	HQ671742
I.a.4-NY99.WN02	MH170268
I.a.4-NY99.WN02	MH170258
I.a.4-NY99.WN02	KX547268
I.a.4-NY99.WN02	KX547339
I.a.4-NY99.WN02	HM488202
I.a.4-NY99.WN02	HM488207
I.a.4-NY99.WN02	KX547558
I.a.4-NY99.WN02	KX547504
I.a.4-NY99.WN02	KX547601
I.a.4-NY99.WN02	HM488245
I.a.4-NY99.WN02	KX547452
I.a.4-NY99.WN02	KX547434
I.a.4-NY99.WN02	KX547348
I.a.4-NY99	HQ705677
I.a.4-NY99.WN02	HQ671722
I.a.4-NY99.WN02	KJ501336
I.a.4-NY99.WN02	KJ501377
I.a.4-NY99.WN02	KX547402
I.a.4-NY99.WN02	HM488181
I.a.4-NY99.WN02	MH170234
I.a.4-NY99.WN02	MH170236
I.a.4-NY99.WN02	KJ501304
I.a.4-NY99.WN02	KJ501453
I.a.4-NY99.WN02	KJ501338
I.a.4-NY99.WN02	KJ501446
I.a.4-NY99.WN02	KX547458
I.a.4-NY99.WN02	KX547533
I.a.4-NY99.WN02	KX547204
I.a.4-NY99.WN02	KX547189
I.a.4-NY99.WN02	JF899528
I.a.4-NY99	AY795965
I.a.4-NY99.WN02	KJ501519
I.a.4-NY99.WN02	KJ501490
I.a.4-NY99.WN02	KJ501333
I.a.4-NY99.WN02	KX547381
I.a.4-NY99.WN02	KJ501467
I.a.4-NY99.WN02	W1391
I.a.4-NY99.WN02	W1462
I.a.4-NY99.WN02	W1460
I.a.4-NY99	OQ721382
I.a.4-NY99.WN02	W1447
I.a.4-NY99.WN02	W1448
I.a.4-NY99.WN02	W1449
I.a.4-NY99	OQ721449
I.a.4-NY99.WN02	W1502
I.a.4-NY99.WN02	HM756668
I.a.4-NY99.WN02	KX547481
I.a.4-NY99.WN02	JF920744
I.a.4-NY99.WN02	KJ501340
I.a.4-NY99.WN02	KX547526
I.a.4-NY99.WN02	KX547531
I.a.4-NY99.WN02	HM756652
I.a.4-NY99.WN02	KX547377
I.a.4-NY99.WN02	KX547621
I.a.4-NY99.WN02	KX547438
I.a.4-NY99.WN02	KX547243
I.a.4-NY99.WN02	JF920753
I.a.4-NY99.WN02	JF957183
I.a.4-NY99.WN02	W1818
I.a.4-NY99.WN02	KX547220
I.a.4-NY99.WN02	KJ501500
I.a.4-NY99	KY782115
I.a.4-NY99	KY782117
I.a.4-NY99.WN02	KX547325
I.a.4-NY99.WN02	KX547389
I.a.4-NY99.WN02	KX547357
I.a.4-NY99.WN02	DQ164195
I.a.4-NY99	HQ671693
I.a.4-NY99	HQ705678
I.a.4-NY99.WN02	KX547170
I.a.4-NY99	JN819306
I.a.4-NY99.WN02	KX547411
I.a.4-NY99.WN02	W1444
I.a.4-NY99.WN02	KJ501423
I.a.4-NY99.WN02	DQ431703
I.a.4-NY99.WN02	DQ431701
I.a.4-NY99	HQ671694
I.a.4-NY99.WN02	DQ164200
I.a.4-NY99	HQ671695
I.a.4-NY99.WN02	JF488096
I.a.4-NY99.WN02	KX547285
I.a.4-NY99.WN02	KX547298
I.a.4-NY99.WN02	KJ501239
I.a.4-NY99.WN02	KJ501255
I.a.4-NY99.WN02	JF415918
I.a.4-NY99.WN02	KJ501240
I.a.4-NY99.WN02	KJ501211
I.a.4-NY99.WN02	KX547230
I.a.4-NY99.WN02	KX547371
I.a.4-NY99.WN02	HM756678
I.a.4-NY99.WN02	HM488214
I.a.4-NY99.WN02	HM488216
I.a.4-NY99.WN02	HM756666
I.a.4-NY99.WN02	KX547439
I.a.4-NY99.WN02	HM756660
I.a.4-NY99.WN02	HM756667
I.a.4-NY99.WN02	MH819455
I.a.4-NY99.WN02	KJ501464
I.a.4-NY99.WN02	KX547218
I.a.4-NY99.WN02	AY646354
I.a.4-NY99	DQ164206
I.a.4-NY99	MF175854
I.a.4-NY99.WN02	KX547176
I.a.4-NY99.WN02	KX547493
I.a.4-NY99.WN02	HM488147
I.a.4-NY99.WN02	KX547454
I.a.4-NY99.WN02	HM488142
I.a.4-NY99.WN02	KJ501509
I.a.4-NY99	KY782110
I.a.4-NY99.WN02	KJ501319
I.a.4-NY99.WN02	KX547503
I.a.4-NY99.WN02	KJ501218
I.a.4-NY99.WN02	KX547321
I.a.4-NY99.WN02	JF488094
I.a.4-NY99.WN02	KX547499
I.a.4-NY99.WN02	HM488186
I.a.4-NY99.WN02	KJ501286
I.a.4-NY99.WN02	JF488088
I.a.4-NY99.WN02	DQ080061
I.a.4-NY99.WN02	KX547427
I.a.4-NY99.WN02	W1414
I.a.4-NY99.WN02	KJ501215
I.a.4-NY99.WN02	KJ501439
I.a.4-NY99.WN02	KJ501249
I.a.4-NY99.WN02	KJ501243
I.a.4-NY99.WN02	KJ501244
I.a.4-NY99.WN02	KJ501245
I.a.4-NY99.WN02	KJ501246
I.a.4-NY99.WN02	KJ501247
I.a.4-NY99.WN02	KJ501248
I.a.4-NY99.WN02	KJ501476
I.a.4-NY99.WN02	KJ501422
I.a.4-NY99.WN02	KX547240
I.a.4-NY99.WN02	JF920741
I.a.4-NY99.WN02	KX547296
I.a.4-NY99.WN02	KJ501283
I.a.4-NY99.WN02	KJ501366
I.a.4-NY99.WN02	HM756673
I.a.4-NY99.WN02	KJ501510
I.a.4-NY99.WN02	KJ501262
I.a.4-NY99.WN02	KJ501454
I.a.4-NY99.WN02	HM488192
I.a.4-NY99.WN02	W1483
I.a.4-NY99.WN02	W1491
I.a.4-NY99.WN02	KX547234
I.a.4-NY99.WN02	KJ501330
I.a.4-NY99.WN02	KJ501406
I.a.4-NY99.WN02	KJ501408
I.a.4-NY99.WN02	KJ501407
I.a.4-NY99.WN02	MH166914
I.a.4-NY99.WN02	KJ501207
I.a.4-NY99.WN02	KJ501219
I.a.4-NY99	KJ501212
I.a.4-NY99.WN02	JF957180
I.a.4-NY99.WN02	KX547284
I.a.4-NY99.WN02	HM488205
I.a.4-NY99.WN02	JF415922
I.a.4-NY99.WN02	JF415928
I.a.4-NY99.WN02	JF415926
I.a.4-NY99.WN02	JF415927
I.a.4-NY99.WN02	JF415923
I.a.4-NY99.WN02	JF415925
I.a.4-NY99.WN02	KJ501403
I.a.4-NY99.WN02	JF415916
I.a.4-NY99.WN02	KX547424
I.a.4-NY99.WN02	KX547335
I.a.4-NY99.WN02	KX547257
I.a.4-NY99.WN02	KJ501208
I.a.4-NY99.WN02	KJ501242
I.a.4-NY99.WN02	HM488203
I.a.4-NY99.WN02	JF957179
I.a.4-NY99.WN02	KJ501386
I.a.4-NY99.WN02	KX547475
I.a.4-NY99.WN02	HQ671727
I.a.4-NY99.WN02	JN183892
I.a.4-NY99.WN02	HM488196
I.a.4-NY99	KY782112
I.a.4-NY99.WN02	KX547607
I.a.4-NY99.WN02	KX547562
I.a.4-NY99.WN02	JF920731
I.a.4-NY99.WN02	KJ501441
I.a.4-NY99.WN02	MH170259
I.a.4-NY99.WN02	KX547574
I.a.4-NY99.WN02	KX547464
I.a.4-NY99.WN02	KX547598
I.a.4-NY99.WN02	KJ501539
I.a.4-NY99.WN02	KX547368
I.a.4-NY99.WN02	WNV0000094
I.a.4-NY99.WN02	KX547380
I.a.4-NY99.WN02	KX547216
I.a.4-NY99.WN02	KJ501538
I.a.4-NY99.WN02	KX547417
I.a.4-NY99.WN02	WNV0000093
I.a.4-NY99.WN02	WNV0000099
I.a.4-NY99.WN02	WNV0000092
I.a.4-NY99.WN02	KX547495
I.a.4-NY99.WN02	KX547242
I.a.4-NY99.WN02	WNV0000101
I.a.4-NY99.WN02	WNV0000091
I.a.4-NY99.WN02	JQ700442
I.a.4-NY99.WN02	KJ501534
I.a.4-NY99.WN02	KX547369
I.a.4-NY99	HQ671745
I.a.4-NY99.WN02	W1486
I.a.4-NY99	OQ721249
I.a.4-NY99.WN02	WNV0000106
I.a.4-NY99.WN02	MF004388
I.a.4-NY99.WN02	KX547195
I.a.4-NY99.WN02	KX547431
I.a.4-NY99.WN02	HM488206
I.a.4-NY99.WN02	KX547295
I.a.4-NY99.WN02	KX547279
I.a.4-NY99.WN02	KJ501536
I.a.4-NY99.WN02	KX547537
I.a.4-NY99.WN02	KJ501535
I.a.4-NY99.WN02	HM488238
I.a.4-NY99.WN02	WNV0000112
I.a.4-NY99.WN02	W1825
I.a.4-NY99	OQ721256
I.a.4-NY99.WN02	KX547185
I.a.4-NY99.WN02	KX547572
I.a.4-NY99.WN02	KY229068
I.a.4-NY99.WN02	KY229071
I.a.4-NY99.WN02	KY216150
I.a.4-NY99.WN02	KX547575
I.a.4-NY99.WN02	KY216149
I.a.4-NY99.WN02	WNV0000115
I.a.4-NY99.WN02	KX547445
I.a.4-NY99.WN02	KX547559
I.a.4-NY99.WN02	KX547497
I.a.4-NY99.WN02	KX547222
I.a.4-NY99.WN02	KX547418
I.a.4-NY99.WN02	KX547443
I.a.4-NY99.WN02	KX547198
I.a.4-NY99.WN02	KJ501532
I.a.4-NY99.WN02	KJ501531
I.a.4-NY99.WN02	KJ501537
I.a.4-NY99.WN02	KX547457
I.a.4-NY99	OQ721627
I.a.4-NY99.WN02	W025
I.a.4-NY99.WN02	KX547214
I.a.4-NY99.WN02	KJ501308
I.a.4-NY99.WN02	KM012185
I.a.4-NY99.WN02	W1788
I.a.4-NY99.WN02	MF175814
I.a.4-NY99.WN02	KC333385
I.a.4-NY99.WN02	MF175813
I.a.4-NY99	KJ501436
I.a.4-NY99.WN02	KJ501437
I.a.4-NY99.WN02	W1803
I.a.4-NY99.WN02	KJ786936
I.a.4-NY99.WN02	KC333380
I.a.4-NY99.WN02	KC333377
I.a.4-NY99	OQ721267
I.a.4-NY99.WN02	W1339
I.a.4-NY99	OQ721476
I.a.4-NY99	OQ721401
I.a.4-NY99	OQ721271
I.a.4-NY99	OQ721134
I.a.4-NY99.WN02	KJ501435
I.a.4-NY99.WN02	MF175849
I.a.4-NY99.WN02	MF175864
I.a.4-NY99.WN02	W1819
I.a.4-NY99.WN02	W1814
I.a.4-NY99	OQ721338
I.a.4-NY99	MH507824
I.a.4-NY99.WN02	W248
I.a.4-NY99.WN02	W099
I.a.4-NY99	MH507690
I.a.4-NY99.WN02	W163
I.a.4-NY99.WN02	W083
I.a.4-NY99	MH507676
I.a.4-NY99.WN02	W553
I.a.4-NY99.WN02	W088
I.a.4-NY99.WN02	W103
I.a.4-NY99	MH507694
I.a.4-NY99.WN02	W165
I.a.4-NY99	OQ721739
I.a.4-NY99.WN02	W238
I.a.4-NY99.WN02	W167
I.a.4-NY99.WN02	W247
I.a.4-NY99.WN02	W174
I.a.4-NY99	MH507754
I.a.4-NY99.WN02	KM012182
I.a.4-NY99.WN02	KJ501224
I.a.4-NY99.WN02	W1764
I.a.4-NY99.WN02	W1772
I.a.4-NY99	KJ501223
I.a.4-NY99.WN02	KJ501229
I.a.4-NY99.WN02	KR868734
I.a.4-NY99.WN02	KJ501228
I.a.4-NY99.WN02	W1813
I.a.4-NY99	OQ721541
I.a.4-NY99.WN02	MF175855
I.a.4-NY99	OM202912
I.a.4-NY99.WN02	W1801
I.a.4-NY99.WN02	W1805
I.a.4-NY99	OM202936
I.a.4-NY99.WN02	MF175842
I.a.4-NY99.WN02	MF175835
I.a.4-NY99.WN02	W1799
I.a.4-NY99	OQ721564
I.a.4-NY99	OQ721194
I.a.4-NY99.WN02	W1840
I.a.4-NY99	OQ721735
I.a.4-NY99	OQ721708
I.a.4-NY99.WN02	W0832
I.a.4-NY99.WN02	W1778
I.a.4-NY99	OQ721809
I.a.4-NY99.WN02	W1780
I.a.4-NY99.WN02	W1834
I.a.4-NY99	OQ721638
I.a.4-NY99	OQ721728
I.a.4-NY99.WN02	W1480
I.a.4-NY99.WN02	W1802
I.a.4-NY99	OQ721515
I.a.4-NY99.WN02	W1798
I.a.4-NY99.WN02	W1765
I.a.4-NY99.WN02	W1815
I.a.4-NY99.WN02	W1786
I.a.4-NY99	OQ721757
I.a.4-NY99	OQ721362
I.a.4-NY99	OQ721729
I.a.4-NY99.WN02	W1771
I.a.4-NY99.WN02	W1766
I.a.4-NY99	OQ721495
I.a.4-NY99.WN02	W0840
I.a.4-NY99	OQ721858
I.a.4-NY99	OQ721328
I.a.4-NY99.WN02	W1750
I.a.4-NY99.WN02	W0881
I.a.4-NY99.WN02	W1688
I.a.4-NY99	OQ721795
I.a.4-NY99.WN02	W1779
I.a.4-NY99	OQ721576
I.a.4-NY99.WN02	W0845
I.a.4-NY99.WN02	W1790
I.a.4-NY99.WN02	W1830
I.a.4-NY99.WN02	W0839
I.a.4-NY99	OQ721459
I.a.4-NY99	OQ721430
I.a.4-NY99.WN02	W1829
I.a.4-NY99.WN02	W1822
I.a.4-NY99.WN02	W1784
I.a.4-NY99.WN02	KX547328
I.a.4-NY99	OQ721706
I.a.4-NY99.WN02	W1821
I.a.4-NY99.WN02	W1758
I.a.4-NY99	OQ721779
I.a.4-NY99	OQ721518
I.a.4-NY99.WN02	W1844
I.a.4-NY99	OQ721825
I.a.4-NY99	OQ721705
I.a.4-NY99	OQ721191
I.a.4-NY99	OQ721523
I.a.4-NY99	OQ721507
I.a.4-NY99	OQ721129
I.a.4-NY99.WN02	W1345
I.a.4-NY99.WN02	W1354
I.a.4-NY99	OQ721582
I.a.4-NY99	OQ721370
I.a.4-NY99.WN02	W1298
I.a.4-NY99	OQ721554
I.a.4-NY99.WN02	W1368
I.a.4-NY99	OQ721418
I.a.4-NY99.WN02	W1379
I.a.4-NY99.WN02	W1362
I.a.4-NY99.WN02	W1367
I.a.4-NY99.WN02	W1373
I.a.4-NY99.WN02	KX547269
I.a.4-NY99.WN02	W0891
I.a.4-NY99.WN02	MH819467
I.a.4-NY99.WN02	WNV0000120
I.a.4-NY99	MT968013
I.a.4-NY99.WN02	MF175865
I.a.4-NY99.WN02	MF175834
I.a.4-NY99	OM202915
I.a.4-NY99	OQ721659
I.a.4-NY99.WN02	KM012179
I.a.4-NY99	OK573268
I.a.4-NY99.WN02	WNV0000173
I.a.4-NY99.WN02	WNV0000156
I.a.4-NY99.WN02	KX547344
I.a.4-NY99.WN02	MF175872
I.a.4-NY99	OQ721474
I.a.4-NY99.WN02	W1769
I.a.4-NY99.WN02	W0902
I.a.4-NY99.WN02	WNV0000145
I.a.4-NY99.WN02	WNV0000147
I.a.4-NY99.WN02	WNV0000133
I.a.4-NY99.WN02	W0930
I.a.4-NY99.WN02	W1522
I.a.4-NY99	OQ721168
I.a.4-NY99	OM202913
I.a.4-NY99	OM202927
I.a.4-NY99	OQ721755
I.a.4-NY99	OQ721596
I.a.4-NY99	OK573267
I.a.4-NY99	OQ721350
I.a.4-NY99	MT967996
I.a.4-NY99.WN02	W1537
I.a.4-NY99.WN02	WNV0000143
I.a.4-NY99.WN02	WNV0000142
I.a.4-NY99	OQ721273
I.a.4-NY99	OQ721263
I.a.4-NY99	OQ721483
I.a.4-NY99	OQ721252
I.a.4-NY99	OQ721827
I.a.4-NY99	OQ721475
I.a.4-NY99.WN02	MF175841
I.a.4-NY99	MT968015
I.a.4-NY99.WN02	W0922
I.a.4-NY99	OQ721317
I.a.4-NY99	OQ721260
I.a.4-NY99.WN02	WNV0000146
I.a.4-NY99.WN02	W1668
I.a.4-NY99	OQ721122
I.a.4-NY99.WN02	WNV0000195
I.a.4-NY99.WN02	WNV0000181
I.a.4-NY99	MT968012
I.a.4-NY99.WN02	W1838
I.a.4-NY99	OL741623
I.a.4-NY99.WN02	W1841
I.a.4-NY99.WN02	W1842
I.a.4-NY99.WN02	W1843
I.a.4-NY99	OQ721433
I.a.4-NY99.WN02	W1839
I.a.4-NY99.WN02	W1837
I.a.4-NY99.WN02	WNV0000141
I.a.4-NY99.WN02	WNV0000136
I.a.4-NY99.WN02	WNV0000158
I.a.4-NY99.WN02	MF175840
I.a.4-NY99.WN02	MF175843
I.a.4-NY99.WN02	WNV0000119
I.a.4-NY99.WN02	KX547373
I.a.4-NY99.WN02	WNV0000107
I.a.4-NY99.WN02	KM012186
I.a.4-NY99	OQ721456
I.a.4-NY99.WN02	KX547227
I.a.4-NY99.WN02	KX547376
I.a.4-NY99	MT968000
I.a.4-NY99.WN02	JF920747
I.a.4-NY99.WN02	KX547557
I.a.4-NY99.WN02	KX547425
I.a.4-NY99.WN02	KX547372
I.a.4-NY99.WN02	KX547407
I.a.4-NY99.WN02	KX547358
I.a.4-NY99.WN02	W0954
I.a.4-NY99.WN02	W0979
I.a.4-NY99.WN02	W0974
I.a.4-NY99.WN02	W0983
I.a.4-NY99.WN02	WNV0000196
I.a.4-NY99.WN02	WNV0000226
I.a.4-NY99.WN02	KX547356
I.a.4-NY99.WN02	KY216152
I.a.4-NY99	KY782107
I.a.4-NY99.WN02	KX547576
I.a.4-NY99	KJ501433
I.a.4-NY99.WN02	KX547283
I.a.4-NY99.WN02	KX547280
I.a.4-NY99.WN02	KX547547
I.a.4-NY99.WN02	KX547291
I.a.4-NY99.WN02	KX547483
I.a.4-NY99	OQ721815
I.a.4-NY99	OQ721684
I.a.4-NY99.WN02	W1835
I.a.4-NY99.WN02	W1832
I.a.4-NY99.WN02	W0976
I.a.4-NY99.WN02	W0959
I.a.4-NY99	OQ721128
I.a.4-NY99	MT968011
I.a.4-NY99.WN02	MF175860
I.a.4-NY99	OQ721701
I.a.4-NY99.WN02	W0989
I.a.4-NY99.WN02	W0977
I.a.4-NY99	OQ721427
I.a.4-NY99.WN02	KX547274
I.a.4-NY99.WN02	W1327
I.a.4-NY99	OQ721170
I.a.4-NY99.WN02	W1331
I.a.4-NY99.WN02	W1334
I.a.4-NY99.WN02	W1344
I.a.4-NY99	OQ721707
I.a.4-NY99.WN02	W1332
I.a.4-NY99.WN02	W1324
I.a.4-NY99.WN02	W1337
I.a.4-NY99.WN02	W1329
I.a.4-NY99.WN02	W1342
I.a.4-NY99	OQ721616
I.a.4-NY99.WN02	WNV0000144
I.a.4-NY99.WN02	WNV0000125
I.a.4-NY99.WN02	KM012184
I.a.4-NY99.WN02	KY216155
I.a.4-NY99.WN02	MH819460
I.a.4-NY99	OQ721213
I.a.4-NY99	OQ721776
I.a.4-NY99.WN02	JQ700439
I.a.4-NY99.WN02	WNV0000139
I.a.4-NY99.WN02	KX547391
I.a.4-NY99.WN02	W1827
I.a.4-NY99	MT968004
I.a.4-NY99	MT968009
I.a.4-NY99.WN02	W0958
I.a.4-NY99	OM202920
I.a.4-NY99.WN02	KX547286
I.a.4-NY99	OQ721508
I.a.4-NY99	OQ721294
I.a.4-NY99.WN02	W1330
I.a.4-NY99	OR605719
I.a.4-NY99	OR605720
I.a.4-NY99	OQ721422
I.a.4-NY99.WN02	W0860
I.a.4-NY99.WN02	KX547456
I.a.4-NY99.WN02	MF175836
I.a.4-NY99.WN02	MF175862
I.a.4-NY99	MT968008
I.a.4-NY99.WN02	W0858
I.a.4-NY99.WN02	KT020853
I.a.4-NY99	MT968003
I.a.4-NY99.WN02	W1702
I.a.4-NY99	OQ721724
I.a.4-NY99	OM202908
I.a.4-NY99.WN02	W1538
I.a.4-NY99	OQ721626
I.a.4-NY99.WN02	W1705
I.a.4-NY99.WN02	W0875
I.a.4-NY99	MT968006
I.a.4-NY99	MT968007
I.a.4-NY99.WN02	WNV0000149
I.a.4-NY99.WN02	W0990
I.a.4-NY99.WN02	MF175838
I.a.4-NY99.WN02	WNV0000148
I.a.4-NY99	OQ721202
I.a.4-NY99	OQ721454
I.a.4-NY99	OQ721367
I.a.4-NY99	OQ721855
I.a.4-NY99.WN02	W0962
I.a.4-NY99	OQ721254
I.a.4-NY99	OQ721165
I.a.4-NY99.WN02	WNV0000140
I.a.4-NY99.WN02	MK352483
I.a.4-NY99	MT968002
I.a.4-NY99.WN02	KX547184
I.a.4-NY99	MT968001
I.a.4-NY99.WN02	W1614
I.a.4-NY99.WN02	W0899
I.a.4-NY99.WN02	W0831
I.a.4-NY99.WN02	W1375
I.a.4-NY99.WN02	W1306
I.a.4-NY99	OQ721262
I.a.4-NY99.WN02	W0984
I.a.4-NY99	OQ721441
I.a.4-NY99.WN02	W0970
I.a.4-NY99.WN02	WNV0000191
I.a.4-NY99.WN02	WNV0000179
I.a.4-NY99	OQ721835
I.a.4-NY99	OQ721669
I.a.4-NY99	MT968005
I.a.4-NY99.WN02	W0960
I.a.4-NY99.WN02	MH819446
I.a.4-NY99.WN02	MH819450
I.a.4-NY99.WN02	W1322
I.a.4-NY99.WN02	W1346
I.a.4-NY99.WN02	WNV0000138
I.a.4-NY99.WN02	W0957
I.a.4-NY99	OQ721340
I.a.4-NY99	MT968010
I.a.4-NY99.WN02	WNV0000124
I.a.4-NY99.WN02	W1811
I.a.4-NY99	OQ721699
I.a.4-NY99	OQ721327
I.a.4-NY99.WN02	W1828
I.a.4-NY99.WN02	KJ501432
I.a.4-NY99	OK631661
I.a.4-NY99	OM202904
I.a.4-NY99	OM202926
I.a.4-NY99.WN02	MF175809
I.a.4-NY99.WN02	MF175822
I.a.4-NY99.WN02	MF175806
I.a.4-NY99.WN02	MF175807
I.a.4-NY99.WN02	MF175810
I.a.4-NY99.WN02	MF175830
I.a.4-NY99	OK573278
I.a.4-NY99.WN02	KJ501225
I.a.4-NY99.WN02	W1564
I.a.4-NY99.WN02	W1760
I.a.4-NY99	KJ501232
I.a.4-NY99.WN02	KJ501220
I.a.4-NY99	OK573262
I.a.4-NY99.WN02	MF175869
I.a.4-NY99.WN02	KM012180
I.a.4-NY99.WN02	MF175847
I.a.4-NY99.WN02	MF175848
I.a.4-NY99.WN02	W1763
I.a.4-NY99	OQ721549
I.a.4-NY99	KJ501221
I.a.4-NY99.WN02	W1773
I.a.4-NY99.WN02	W1770
I.a.4-NY99.WN02	W1777
I.a.4-NY99.WN02	W1776
I.a.4-NY99.WN02	W1751
I.a.4-NY99.WN02	W1767
I.a.4-NY99.WN02	W1756
I.a.4-NY99.WN02	W1781
I.a.4-NY99.WN02	MF175861
I.a.4-NY99.WN02	MF175833
I.a.4-NY99.WN02	KC711059
I.a.4-NY99.WN02	MF175821
I.a.4-NY99.WN02	MF175817
I.a.4-NY99.WN02	W1793
I.a.4-NY99.WN02	MG004536
I.a.4-NY99	OM202928
I.a.4-NY99	OM202922
I.a.4-NY99.WN02	MF175837
I.a.4-NY99.WN02	KC736498
I.a.4-NY99.WN02	KC736497
I.a.4-NY99.WN02	KC736496
I.a.4-NY99.WN02	KC736486
I.a.4-NY99.WN02	KC736494
I.a.4-NY99.WN02	KC736493
I.a.4-NY99.WN02	KC736490
I.a.4-NY99.WN02	KC736495
I.a.4-NY99.WN02	W1807
I.a.4-NY99	KJ501213
I.a.4-NY99.WN02	W1795
I.a.4-NY99.WN02	W1794
I.a.4-NY99	KJ501231
I.a.4-NY99.WN02	MF175859
I.a.4-NY99	OM202910
I.a.4-NY99	OM202911
I.a.4-NY99.WN02	MG004541
I.a.4-NY99	OM202917
I.a.4-NY99	OM202919
I.a.4-NY99.WN02	MG004535
I.a.4-NY99.WN02	MG004538
I.a.4-NY99.WN02	MG004532
I.a.4-NY99.WN02	MG004528
I.a.4-NY99.WN02	MG004534
I.a.4-NY99.WN02	MG004530
I.a.4-NY99.WN02	MG004531
I.a.4-NY99.WN02	W1789
I.a.4-NY99	MT967995
I.a.4-NY99	OK573272
I.a.4-NY99.WN02	KM012177
I.a.4-NY99.WN02	KJ501434
I.a.4-NY99	OK573273
I.a.4-NY99.WN02	KM012176
I.a.4-NY99.WN02	W1752
I.a.4-NY99	OK573271
I.a.4-NY99.WN02	KM012178
I.a.4-NY99.WN02	KM012187
I.a.4-NY99.WN02	MF175808
I.a.4-NY99	OQ721360
I.a.4-NY99	OQ721145
I.a.4-NY99	OK573266
I.a.4-NY99	OQ721250
I.a.4-NY99.WN02	W1808
I.a.4-NY99.WN02	W0971
I.a.4-NY99	MT968016
I.a.4-NY99.WN02	MF175819
I.a.4-NY99.WN02	W1586
I.a.4-NY99	OQ721653
I.a.4-NY99.WN02	W1817
I.a.4-NY99.WN02	W1804
I.a.4-NY99.WN02	KC333384
I.a.4-NY99	OQ721228
I.a.4-NY99	OQ721444
I.a.4-NY99.WN02	KM012183
I.a.4-NY99	OK573269
I.a.4-NY99.WN02	KC736500
I.a.4-NY99.WN02	MF175812
I.a.4-NY99.WN02	W0953
I.a.4-NY99.WN02	W1806
I.a.4-NY99	OK573258
I.a.4-NY99.WN02	W579
I.a.4-NY99	OQ721572
I.a.4-NY99.WN02	W558
I.a.4-NY99	OQ721171
I.a.4-NY99.WN02	W578
I.a.4-NY99	OQ721600
I.a.4-NY99.WN02	W580
I.a.4-NY99.WN02	KC736492
I.a.4-NY99	OK573279
I.a.4-NY99.WN02	W1775
I.a.4-NY99.WN02	W1768
I.a.4-NY99	OQ721557
I.a.4-NY99.WN02	W1774
I.a.4-NY99.WN02	W1753
I.a.4-NY99.WN02	W1757
I.a.4-NY99.WN02	W1787
I.a.4-NY99.WN02	W1761
I.a.4-NY99.WN02	WNV0000224
I.a.4-NY99.WN02	WNV0000132
I.a.4-NY99.WN02	WNV0000135
I.a.4-NY99.WN02	KX547467
I.a.4-NY99	MT967991
I.a.4-NY99.WN02	W1831
I.a.4-NY99.WN02	KX547524
I.a.4-NY99.WN02	WNV0000118
I.a.4-NY99.WN02	WNV0000127
I.a.4-NY99	OK631660
I.a.4-NY99.WN02	W0870
I.a.4-NY99.WN02	MH819459
I.a.4-NY99	OQ721774
I.a.4-NY99.WN02	W1378
I.a.4-NY99.WN02	W1372
I.a.4-NY99.WN02	W1370
I.a.4-NY99.WN02	KX547323
I.a.4-NY99.WN02	MF175856
I.a.4-NY99.WN02	MF175858
I.a.4-NY99.WN02	KX547556
I.a.4-NY99.WN02	W0885
I.a.4-NY99	KY782124
I.a.4-NY99.WN02	W1754
I.a.4-NY99.WN02	W1783
I.a.4-NY99.WN02	WNV0000128
I.a.4-NY99.WN02	MF175831
I.a.4-NY99.WN02	KX547410
I.a.4-NY99.WN02	KX547579
I.a.4-NY99	MT967989
I.a.4-NY99.WN02	KY229072
I.a.4-NY99	MT967988
I.a.4-NY99.WN02	KX547330
I.a.4-NY99.WN02	WNV0000121
I.a.4-NY99	MT967998
I.a.4-NY99.WN02	MF175851
I.a.4-NY99	OQ721159
I.a.4-NY99.WN02	W1338
I.a.4-NY99	OM202906
I.a.4-NY99.WN02	W0980
I.a.4-NY99.WN02	W0973
I.a.4-NY99.WN02	W0967
I.a.4-NY99.WN02	W0968
I.a.4-NY99	OQ721375
I.a.4-NY99.WN02	W0969
I.a.4-NY99.WN02	KM012188
I.a.4-NY99	MT968017
I.a.4-NY99.WN02	W0951
I.a.4-NY99	MT967997
I.a.4-NY99.WN02	KX547485
I.a.4-NY99	KY782106
I.a.4-NY99	OM202923
I.a.4-NY99	OQ721850
I.a.4-NY99.WN02	KX547565
I.a.4-NY99	OQ721204
I.a.4-NY99.WN02	W1505
I.a.4-NY99	MT967994
I.a.4-NY99	OQ721510
I.a.4-NY99	OQ721153
I.a.4-NY99	OQ721341
I.a.4-NY99	OQ721432
I.a.4-NY99.WN02	W0956
I.a.4-NY99.WN02	KX547167
I.a.4-NY99.WN02	KX547196
I.a.4-NY99	ON994909
I.a.4-NY99.WN02	W0964
I.a.4-NY99.WN02	MH819453
I.a.4-NY99.WN02	KX547551
I.a.4-NY99.WN02	W1762
I.a.4-NY99.WN02	KX547548
I.a.4-NY99.WN02	KF367469
I.a.4-NY99.WN02	W0918
I.a.4-NY99	OQ721286
I.a.4-NY99.WN02	MF175871
I.a.4-NY99.WN02	MH819465
I.a.4-NY99.WN02	W1810
I.a.4-NY99	OQ721505
I.a.4-NY99.WN02	KX547206
I.a.4-NY99	KJ501209
I.a.4-NY99.WN02	KJ501226
I.a.4-NY99.WN02	KX547334
I.a.4-NY99.WN02	WNV0000131
I.a.4-NY99.WN02	KX547221
I.a.4-NY99	MT967992
I.a.4-NY99.WN02	W1820
I.a.4-NY99.WN02	W1823
I.a.4-NY99.WN02	KM012171
I.a.4-NY99	MT967990
I.a.4-NY99.WN02	W1826
I.a.4-NY99	OQ721614
I.a.4-NY99.WN02	W1302
I.a.4-NY99.WN02	W0975
I.a.4-NY99.WN02	W1809
I.a.4-NY99.WN02	W1540
I.a.4-NY99.WN02	KX547514
I.a.4-NY99.WN02	MF175844
I.a.4-NY99	OQ721806
I.a.4-NY99.WN02	W1525
I.a.4-NY99.WN02	KX547343
I.a.4-NY99.WN02	KX547324
I.a.4-NY99	OK631659
I.a.4-NY99	OQ721778
I.a.4-NY99	OQ721404
I.a.4-NY99	OQ721264
I.a.4-NY99.WN02	W0842
I.a.4-NY99.WN02	W0861
I.a.4-NY99.WN02	W0856
I.a.4-NY99	OQ721726
I.a.4-NY99.WN02	WNV0000117
I.a.4-NY99.WN02	W1580
I.a.4-NY99	OQ721821
I.a.4-NY99	OQ721218
I.a.4-NY99.WN02	W1364
I.a.4-NY99.WN02	W1356
I.a.4-NY99	OQ721529
I.a.4-NY99	OQ721462
I.a.4-NY99	OM202931
I.a.4-NY99	OM202916
I.a.4-NY99	OM202929
I.a.4-NY99	OQ721413
I.a.4-NY99.WN02	KJ501530
I.a.4-NY99.WN02	W1530
I.a.4-NY99.WN02	KY216151
I.a.4-NY99.WN02	KY229069
I.a.4-NY99.WN02	KX547473
I.a.4-NY99.WN02	W1309
I.a.4-NY99.WN02	W0836
I.a.4-NY99.WN02	WNV0000202
I.a.4-NY99	OQ721373
I.a.4-NY99	OQ721695
I.a.4-NY99.WN02	W1568
I.a.4-NY99.WN02	WNV0000165
I.a.4-NY99.WN02	WNV0000171
I.a.4-NY99.WN02	W0835
I.a.4-NY99.WN02	WNV0000220
I.a.4-NY99.WN02	WNV0000188
I.a.4-NY99.WN02	WNV0000228
I.a.4-NY99	OQ721859
I.a.4-NY99	MT967993
I.a.4-NY99.WN02	W0897
I.a.4-NY99.WN02	W1503
I.a.4-NY99	OM202909
I.a.4-NY99.WN02	WNV0000211
I.a.4-NY99.WN02	WNV0000153
I.a.4-NY99.WN02	W1816
I.a.4-NY99	OQ721632
I.a.4-NY99	OQ721396
I.a.4-NY99	OQ721222
I.a.4-NY99	OQ721208
I.a.4-NY99.WN02	W1685
I.a.4-NY99	OQ721329
I.a.4-NY99	OQ721179
I.a.4-NY99	OQ721667
I.a.4-NY99.WN02	WNV0000167
I.a.4-NY99.WN02	MF175853
I.a.4-NY99.WN02	MF175863
I.a.4-NY99.WN02	MH819466
I.a.4-NY99.WN02	MF175839
I.a.4-NY99.WN02	MF175852
I.a.4-NY99	OQ721593
I.a.4-NY99	OQ721448
I.a.4-NY99	OQ721594
I.a.4-NY99	OQ721500
I.a.4-NY99.WN02	KX547604
I.a.4-NY99	OQ721814
I.a.4-NY99.WN02	KX547460
I.a.4-NY99.WN02	WNV0000123
I.a.4-NY99.WN02	WNV0000111
I.a.4-NY99.WN02	W1529
I.a.4-NY99.WN02	WNV0000210
I.a.4-NY99	MT967999
I.a.4-NY99.WN02	W0901
I.a.4-NY99	OQ721558
I.a.4-NY99.WN02	WNV0000134
I.a.4-NY99.WN02	W0955
I.a.4-NY99	MT968014
I.a.4-NY99.WN02	WNV0000130
I.a.4-NY99.WN02	WNV0000213
I.a.4-NY99.WN02	W1323
I.a.4-NY99.WN02	WNV0000200
I.a.4-NY99	OQ721817
I.a.4-NY99	OQ721183
I.a.4-NY99	OM202930
I.a.4-NY99	OQ721813
I.a.4-NY99.WN02	W1507
I.a.4-NY99	OQ721343
I.a.4-NY99	OQ721337
I.a.4-NY99	OQ721417
I.a.4-NY99.WN02	W1335
I.a.4-NY99.WN02	W1328
I.a.4-NY99.WN02	W0985
I.a.4-NY99	OQ721409
I.a.4-NY99	OQ721717
I.a.4-NY99.WN02	W0988
I.a.4-NY99.WN02	WNV0000194
I.a.4-NY99.WN02	WNV0000206
I.a.4-NY99.WN02	WNV0000197
I.a.4-NY99.WN02	W0966
I.a.4-NY99.WN02	WNV0000160
I.a.4-NY99.WN02	WNV0000204
I.a.4-NY99.WN02	WNV0000175
I.a.4-NY99.WN02	KJ501273
I.a.4-NY99.WN02	JF920738
I.a.4-NY99.WN02	KX547394
I.a.4-NY99.WN02	KX547420
I.a.4-NY99.WN02	KX547271
I.a.4-NY99.WN02	KX547314
I.a.4-NY99.WN02	W1383
I.a.4-NY99.WN02	KX547245
I.a.4-NY99.WN02	KX547513
I.a.4-NY99.WN02	KX547331
I.a.4-NY99.WN02	HM488208
I.a.4-NY99.WN02	MH166911
I.a.4-NY99.WN02	HQ671704
I.a.4-NY99.WN02	KJ501481
I.a.4-NY99.WN02	KJ501311
I.a.4-NY99.WN02	KJ501463
I.a.4-NY99.WN02	KJ501301
I.a.4-NY99.WN02	HM488211
I.a.4-NY99	JN819320
I.a.4-NY99.WN02	HM488138
I.a.4-NY99.WN02	HM488235
I.a.4-NY99.WN02	HQ671699
I.a.4-NY99.WN02	KX547288
I.a.4-NY99.WN02	HQ671698
I.a.4-NY99.WN02	HM488137
I.a.4-NY99.WN02	HM488215
I.a.4-NY99.WN02	KX547620
I.a.4-NY99.WN02	KX547166
I.a.4-NY99.WN02	JN367277
I.a.4-NY99.WN02	KX547202
I.a.4-NY99.WN02	HM756665
I.a.4-NY99.WN02	KX547586
I.a.4-NY99	KJ145817
I.a.4-NY99.WN02	KJ501339
I.a.4-NY99.WN02	HM488143
I.a.4-NY99.WN02	KJ501337
I.a.4-NY99.WN02	KJ501287
I.a.4-NY99	KJ145821
I.a.4-NY99.WN02	KJ501472
I.a.4-NY99.WN02	KJ501280
I.a.4-NY99.WN02	HM488185
I.a.4-NY99.WN02	HM488229
I.a.4-NY99	KJ145807
I.a.4-NY99.WN02	HM488225
I.a.4-NY99.WN02	HM488226
I.a.4-NY99.WN02	HM488253
I.a.4-NY99.WN02	KX547354
I.a.4-NY99.WN02	KJ501449
I.a.4-NY99.WN02	KJ501487
I.a.4-NY99.WN02	KX547379
I.a.4-NY99.WN02	KX547614
I.a.4-NY99.WN02	KX547571
I.a.4-NY99.WN02	KX547367
I.a.4-NY99.WN02	KX547258
I.a.4-NY99.WN02	KX547270
I.a.4-NY99.WN02	KX547355
I.a.4-NY99.WN02	KX547523
I.a.4-NY99.WN02	KX547397
I.a.4-NY99.WN02	KJ501474
I.a.4-NY99	OQ721569
I.a.4-NY99.SW03	W1390
I.a.4-NY99	JN819319
I.a.4-NY99.WN02	KX547546
I.a.4-NY99.WN02	HM488180
I.a.4-NY99.WN02	HM488195
I.a.4-NY99.WN02	JF920756
I.a.4-NY99.WN02	KJ501507
I.a.4-NY99.WN02	KJ501298
I.a.4-NY99.WN02	DQ431705
I.a.4-NY99.WN02	KJ501353
I.a.4-NY99.WN02	JF920746
I.a.4-NY99.WN02	KX547578
I.a.4-NY99.WN02	MH170233
I.a.4-NY99.WN02	MH170248
I.a.4-NY99.WN02	W1418
I.a.4-NY99	OQ721182
I.a.4-NY99.WN02	W1407
I.a.4-NY99.WN02	KJ501459
I.a.4-NY99.WN02	KJ501470
I.a.4-NY99.WN02	MH170246
I.a.4-NY99	KJ501316
I.a.4-NY99.WN02	DQ005530
I.a.4-NY99.WN02	KJ501508
I.a.4-NY99.WN02	GQ507472
I.a.4-NY99.WN02	DQ431694
I.a.4-NY99.WN02	KX547569
I.a.4-NY99.WN02	KX547183
I.a.4-NY99.WN02	KX547426
I.a.4-NY99.WN02	HQ671730
I.a.4-NY99.WN02	HM488162
I.a.4-NY99.WN02	HM488189
I.a.4-NY99.WN02	W1389
I.a.4-NY99.WN02	KJ501482
I.a.4-NY99	JN819325
I.a.4-NY99.WN02	KX547310
I.a.4-NY99.WN02	MH170274
I.a.4-NY99.WN02	HM756654
I.a.4-NY99	KJ145823
I.a.4-NY99	KJ145818
I.a.4-NY99.WN02	HQ671700
I.a.4-NY99.WN02	KX547455
I.a.4-NY99.WN02	JF488086
I.a.4-NY99.WN02	KJ501498
I.a.4-NY99.WN02	KX547613
I.a.4-NY99.WN02	MH819448
I.a.4-NY99.WN02	JF488092
I.a.4-NY99.WN02	KX547267
I.a.4-NY99.WN02	MH166908
I.a.4-NY99.WN02	MH166895
I.a.4-NY99.WN02	MH166888
I.a.4-NY99.WN02	KX547597
I.a.4-NY99.WN02	KX547308
I.a.4-NY99.WN02	KX547256
I.a.4-NY99.WN02	KX547590
I.a.4-NY99.WN02	JF488087
I.a.4-NY99.WN02	MH166919
I.a.4-NY99.WN02	MH166898
I.a.4-NY99.WN02	MH166917
I.a.4-NY99.WN02	KX547471
I.a.4-NY99.WN02	KX547486
I.a.4-NY99.WN02	MH170269
I.a.4-NY99.WN02	KX547496
I.a.4-NY99.WN02	KX547392
I.a.4-NY99.WN02	GQ507481
I.a.4-NY99.WN02	JF488089
I.a.4-NY99.WN02	JF488090
I.a.4-NY99.WN02	KX547521
I.a.4-NY99.WN02	WNV0000104
I.a.4-NY99.WN02	KX547553
I.a.4-NY99.WN02	JF920760
I.a.4-NY99.WN02	KX547332
I.a.4-NY99.WN02	KX547303
I.a.4-NY99.WN02	KX547396
I.a.4-NY99.WN02	KX547217
I.a.4-NY99.WN02	KX547366
I.a.4-NY99.WN02	KX547307
I.a.4-NY99.WN02	MH166890
I.a.4-NY99.WN02	MH166907
I.a.4-NY99.WN02	MH166910
I.a.4-NY99.WN02	MH166889
I.a.4-NY99.WN02	MH166894
I.a.4-NY99.WN02	JF920745
I.a.4-NY99.WN02	MH166891
I.a.4-NY99.WN02	W1419
I.a.4-NY99.WN02	HM488187
I.a.4-NY99.WN02	W1384
I.a.4-NY99.WN02	KJ501501
I.a.4-NY99.WN02	KJ501356
I.a.4-NY99.WN02	KJ501357
I.a.4-NY99.WN02	W1439
I.a.4-NY99.WN02	KX547522
I.a.4-NY99.WN02	KJ501352
I.a.4-NY99.WN02	MH170227
I.a.4-NY99.WN02	GU827998
I.a.4-NY99	CS568916
I.a.4-NY99.WN02	AY712945
I.a.4-NY99.WN02	AY712946
I.a.4-NY99	CS568917
I.a.4-NY99.WN02	KJ501410
I.a.4-NY99.WN02	W1425
I.a.4-NY99.WN02	KJ501388
I.a.4-NY99.WN02	KJ501300
I.a.4-NY99.WN02	W1435
I.a.4-NY99.WN02	KJ501251
I.a.4-NY99.WN02	KJ501307
I.a.4-NY99.WN02	KJ501520
I.a.4-NY99.WN02	MH170254
I.a.4-NY99.WN02	W1417
I.a.4-NY99.WN02	DQ164204
I.a.4-NY99.WN02	KJ501329
I.a.4-NY99.WN02	DQ176637
I.a.4-NY99.WN02	W1394
I.a.4-NY99.WN02	KJ501427
I.a.4-NY99.WN02	KJ501502
I.a.4-NY99.WN02	MH170256
I.a.4-NY99.WN02	KJ501347
I.a.4-NY99.WN02	KJ501440
I.a.4-NY99.WN02	W326
I.a.4-NY99.WN02	W636
I.a.4-NY99	OQ721693
I.a.4-NY99.WN02	DQ431710
I.a.4-NY99.WN02	DQ431709
I.a.4-NY99.WN02	DQ080054
I.a.4-NY99.WN02	KJ501131
I.a.4-NY99.WN02	KR348951
I.a.4-NY99.WN02	GQ507474
I.a.4-NY99	OQ721274
I.a.4-NY99.WN02	W114
I.a.4-NY99.WN02	GQ507475
I.a.4-NY99.WN02	KR348939
I.a.4-NY99.WN02	KJ501119
I.a.4-NY99.WN02	KR348935
I.a.4-NY99.WN02	KJ501115
I.a.4-NY99.WN02	GQ507483
I.a.4-NY99.WN02	KJ501132
I.a.4-NY99.WN02	KR348952
I.a.4-NY99.WN02	GQ507476
I.a.4-NY99.WN02	W177
I.a.4-NY99.WN02	GQ507478
I.a.4-NY99.WN02	GQ507477
I.a.4-NY99.WN02	KJ501342
I.a.4-NY99.WN02	W356
I.a.4-NY99	OQ721429
I.a.4-NY99.WN02	W255
I.a.4-NY99.WN02	W176
I.a.4-NY99.WN02	GQ507473
I.a.4-NY99.WN02	KJ501129
I.a.4-NY99.WN02	KR348949
I.a.4-NY99	GQ379157
I.a.4-NY99.WN02	KR348936
I.a.4-NY99.WN02	KJ501116
I.a.4-NY99	OQ721528
I.a.4-NY99.WN02	W115
I.a.4-NY99.WN02	KR348964
I.a.4-NY99.WN02	KJ501143
I.a.4-NY99.WN02	W179
I.a.4-NY99.WN02	W180
I.a.4-NY99.WN02	KJ501127
I.a.4-NY99.WN02	KR348947
I.a.4-NY99.WN02	W132
I.a.4-NY99.WN02	W816
I.a.4-NY99	OQ721157
I.a.4-NY99.WN02	KR348956
I.a.4-NY99.WN02	KJ501135
I.a.4-NY99.WN02	KR348957
I.a.4-NY99.WN02	KJ501136
I.a.4-NY99.WN02	KR348963
I.a.4-NY99.WN02	KJ501142
I.a.4-NY99.WN02	W005
I.a.4-NY99.WN02	KR348958
I.a.4-NY99.WN02	KJ501137
I.a.4-NY99.WN02	W190
I.a.4-NY99.WN02	KJ501140
I.a.4-NY99.WN02	KR348961
I.a.4-NY99.WN02	KR348959
I.a.4-NY99.WN02	KJ501138
I.a.4-NY99.WN02	KJ501201
I.a.4-NY99.WN02	KR349022
I.a.4-NY99.WN02	KJ501141
I.a.4-NY99.WN02	KR348962
I.a.4-NY99.WN02	W147
I.a.4-NY99.WN02	W197
I.a.4-NY99	MH507777
I.a.4-NY99.WN02	KJ501134
I.a.4-NY99.WN02	KR348954
I.a.4-NY99.WN02	KJ501147
I.a.4-NY99.WN02	KR348968
I.a.4-NY99.WN02	W129
I.a.4-NY99.WN02	KR348970
I.a.4-NY99	GQ379158
I.a.4-NY99.WN02	KJ501133
I.a.4-NY99.WN02	KR348953
I.a.4-NY99	OQ721841
I.a.4-NY99.WN02	W021
I.a.4-NY99.WN02	W127
I.a.4-NY99	OQ721819
I.a.4-NY99.WN02	W145
I.a.4-NY99.WN02	W187
I.a.4-NY99.WN02	KJ501144
I.a.4-NY99.WN02	KR348965
I.a.4-NY99	MH507799
I.a.4-NY99.WN02	W525
I.a.4-NY99	OQ721248
I.a.4-NY99.WN02	KR348971
I.a.4-NY99.WN02	W221
I.a.4-NY99.WN02	W156
I.a.4-NY99.WN02	W158
I.a.4-NY99.WN02	W141
I.a.4-NY99.WN02	W210
I.a.4-NY99.WN02	W195
I.a.4-NY99.WN02	KJ501139
I.a.4-NY99.WN02	KR348960
I.a.4-NY99.WN02	W208
I.a.4-NY99.WN02	W209
I.a.4-NY99.WN02	W058
I.a.4-NY99.WN02	W203
I.a.4-NY99.WN02	W164
I.a.4-NY99.WN02	KR348967
I.a.4-NY99.WN02	KJ501146
I.a.4-NY99.WN02	W196
I.a.4-NY99.WN02	W143
I.a.4-NY99.WN02	W110
I.a.4-NY99.WN02	W155
I.a.4-NY99.WN02	W544
I.a.4-NY99.WN02	W216
I.a.4-NY99	OK573263
I.a.4-NY99	OQ721166
I.a.4-NY99.WN02	W542
I.a.4-NY99.WN02	W072
I.a.4-NY99.WN02	W545
I.a.4-NY99.WN02	W102
I.a.4-NY99.WN02	W586
I.a.4-NY99.WN02	W089
I.a.4-NY99.WN02	W081
I.a.4-NY99.WN02	W097
I.a.4-NY99	OQ721777
I.a.4-NY99.WN02	W592
I.a.4-NY99.WN02	W504
I.a.4-NY99	OQ721127
I.a.4-NY99.WN02	W027
I.a.4-NY99	OQ721531
I.a.4-NY99.WN02	W020
I.a.4-NY99.WN02	W017
I.a.4-NY99.WN02	W001
I.a.4-NY99.WN02	KJ501130
I.a.4-NY99.WN02	KR348950
I.a.4-NY99.WN02	W033
I.a.4-NY99.WN02	W502
I.a.4-NY99.WN02	W022
I.a.4-NY99.WN02	W019
I.a.4-NY99.WN02	W002
I.a.4-NY99.WN02	W036
I.a.4-NY99.WN02	W004
I.a.4-NY99.WN02	W047
I.a.4-NY99.WN02	W536
I.a.4-NY99	OQ721411
I.a.4-NY99.WN02	W051
I.a.4-NY99.WN02	W049
I.a.4-NY99.WN02	W050
I.a.4-NY99	OQ721677
I.a.4-NY99.WN02	W534
I.a.4-NY99.WN02	W031
I.a.4-NY99.WN02	KJ501150
I.a.4-NY99.WN02	KR348973
I.a.4-NY99.WN02	KR348972
I.a.4-NY99.WN02	KJ501149
I.a.4-NY99.WN02	W168
I.a.4-NY99.WN02	KJ501148
I.a.4-NY99.WN02	KR348969
I.a.4-NY99.WN02	W041
I.a.4-NY99.WN02	W040
I.a.4-NY99.WN02	W039
I.a.4-NY99.WN02	W528
I.a.4-NY99.WN02	W537
I.a.4-NY99	OQ721395
I.a.4-NY99	OQ721398
I.a.4-NY99.WN02	W530
I.a.4-NY99.WN02	W026
I.a.4-NY99.WN02	W535
I.a.4-NY99.WN02	W533
I.a.4-NY99.WN02	W531
I.a.4-NY99	OQ721624
I.a.4-NY99.WN02	W515
I.a.4-NY99.WN02	W526
I.a.4-NY99.WN02	W038
I.a.4-NY99	OQ721721
I.a.4-NY99.WN02	W512
I.a.4-NY99.WN02	W505
I.a.4-NY99.WN02	W523
I.a.4-NY99	OQ721184
I.a.4-NY99.WN02	W030
I.a.4-NY99.WN02	W517
I.a.4-NY99	OQ721174
I.a.4-NY99.WN02	W045
I.a.4-NY99	OQ721240
I.a.4-NY99.WN02	W035
I.a.4-NY99.WN02	W029
I.a.4-NY99.WN02	W521
I.a.4-NY99.WN02	W003
I.a.4-NY99.WN02	W032
I.a.4-NY99	OQ721161
I.a.4-NY99.WN02	W519
I.a.4-NY99.WN02	W028
I.a.4-NY99.WN02	W510
I.a.4-NY99	OQ721761
I.a.4-NY99.WN02	W046
I.a.4-NY99.WN02	W048
I.a.4-NY99.WN02	W529
I.a.4-NY99.WN02	W011
I.a.4-NY99.WN02	W527
I.a.4-NY99.WN02	W043
I.a.4-NY99.WN02	W034
I.a.4-NY99.WN02	W044
I.a.4-NY99.WN02	W042
I.a.4-NY99.WN02	W037
I.a.4-NY99	OQ721547
I.a.4-NY99.WN02	W520
I.a.4-NY99.WN02	W018
I.a.4-NY99.WN02	W522
I.a.4-NY99.WN02	W532
I.a.4-NY99	OQ721629
I.a.4-NY99.WN02	W514
I.a.4-NY99	OQ721180
I.a.4-NY99.WN02	W506
I.a.4-NY99.WN02	W524
I.a.4-NY99	OQ721607
I.a.4-NY99.WN02	W516
I.a.4-NY99	OQ721371
I.a.4-NY99	OQ721570
I.a.4-NY99.WN02	W513
I.a.4-NY99	OQ721447
I.a.4-NY99.WN02	W511
I.a.4-NY99.WN02	W518
I.a.4-NY99	OQ721838
I.a.4-NY99	OQ721224
I.a.4-NY99.WN02	W509
I.a.4-NY99	OQ721492
I.a.4-NY99.WN02	W508
I.a.4-NY99	OQ721457
I.a.4-NY99.WN02	W507
I.a.4-NY99.WN02	DQ080060
I.a.4-NY99	OQ721425
I.a.4-NY99.WN02	W113
I.a.4-NY99.WN02	W364
I.a.4-NY99.WN02	KR348924
I.a.4-NY99.WN02	KJ501104
I.a.4-NY99.WN02	KR348923
I.a.4-NY99.WN02	KJ501103
I.a.4-NY99.WN02	KJ501107
I.a.4-NY99.WN02	KR348927
I.a.4-NY99	OQ721583
I.a.4-NY99.WN02	W253
I.a.4-NY99.WN02	KR349016
I.a.4-NY99.WN02	W632
I.a.4-NY99	OQ721555
I.a.4-NY99.WN02	W638
I.a.4-NY99	OQ721291
I.a.4-NY99	OQ721366
I.a.4-NY99.WN02	W640
I.a.4-NY99	KJ501184
I.a.4-NY99.WN02	KR349008
I.a.4-NY99.WN02	KJ501186
I.a.4-NY99.WN02	KR349010
I.a.4-NY99	OQ721299
I.a.4-NY99.WN02	W787
I.a.4-NY99.WN02	W793
I.a.4-NY99	OQ721719
I.a.4-NY99.WN02	DQ080055
I.a.4-NY99.WN02	JF703164
I.a.4-NY99.WN02	KR348925
I.a.4-NY99.WN02	KJ501105
I.a.4-NY99.WN02	JF703162
I.a.4-NY99.WN02	DQ080056
I.a.4-NY99.WN02	W254
I.a.4-NY99.WN02	KR349009
I.a.4-NY99	KJ501185
I.a.4-NY99.WN02	KR349023
I.a.4-NY99	KJ501202
I.a.4-NY99.WN02	JF703161
I.a.4-NY99.WN02	KR348945
I.a.4-NY99.WN02	KJ501125
I.a.4-NY99.WN02	DQ431708
I.a.4-NY99.WN02	KR348943
I.a.4-NY99.WN02	KJ501123
I.a.4-NY99.WN02	DQ431700
I.a.4-NY99.WN02	W786
I.a.4-NY99	OQ721178
I.a.4-NY99.WN02	W116
I.a.4-NY99	OQ721694
I.a.4-NY99.WN02	KR348996
I.a.4-NY99	OQ721155
I.a.4-NY99.WN02	W634
I.a.4-NY99.WN02	DQ080057
I.a.4-NY99.WN02	W175
I.a.4-NY99.WN02	DQ080058
I.a.4-NY99.WN02	KR348974
I.a.4-NY99	KJ501151
I.a.4-NY99.WN02	KJ501195
I.a.4-NY99.WN02	KR349020
I.a.4-NY99	OQ721851
I.a.4-NY99.WN02	W792
I.a.4-NY99	OQ721325
I.a.4-NY99.WN02	W268
I.a.4-NY99.WN02	W803
I.a.4-NY99	KJ501189
I.a.4-NY99.WN02	KR349013
I.a.4-NY99	OQ721847
I.a.4-NY99.WN02	W649
I.a.4-NY99	OQ721345
I.a.4-NY99.WN02	W652
I.a.4-NY99.WN02	W650
I.a.4-NY99	OQ721406
I.a.4-NY99.WN02	W125
I.a.4-NY99.WN02	W131
I.a.4-NY99.WN02	W135
I.a.4-NY99.WN02	W144
I.a.4-NY99.WN02	W138
I.a.4-NY99.WN02	W136
I.a.4-NY99.WN02	W151
I.a.4-NY99.WN02	W148
I.a.4-NY99.WN02	W462
I.a.4-NY99.WN02	W672
I.a.4-NY99	OQ721225
I.a.4-NY99.WN02	W150
I.a.4-NY99.WN02	W730
I.a.4-NY99	OQ721206
I.a.4-NY99.WN02	W137
I.a.4-NY99	OQ721623
I.a.4-NY99.WN02	W728
I.a.4-NY99.WN02	KJ501341
I.a.4-NY99.WN02	W126
I.a.4-NY99.WN02	W799
I.a.4-NY99	OQ721575
I.a.4-NY99	OQ721602
I.a.4-NY99.WN02	W798
I.a.4-NY99.WN02	KR348998
I.a.4-NY99	KJ501174
I.a.4-NY99.WN02	W657
I.a.4-NY99	OQ721660
I.a.4-NY99	OQ721177
I.a.4-NY99.WN02	W651
I.a.4-NY99.WN02	W653
I.a.4-NY99	OQ721330
I.a.4-NY99.WN02	W791
I.a.4-NY99	OQ721775
I.a.4-NY99	KJ501171
I.a.4-NY99.WN02	KR348994
I.a.4-NY99.WN02	KR349025
I.a.4-NY99	KJ501204
I.a.4-NY99.WN02	KR349017
I.a.4-NY99	KJ501192
I.a.4-NY99.WN02	KR349000
I.a.4-NY99	KJ501176
I.a.4-NY99.WN02	KJ501206
I.a.4-NY99.WN02	KR348916
I.a.4-NY99.WN02	KR348917
I.a.4-NY99	KJ501097
I.a.4-NY99.WN02	W122
I.a.4-NY99	OQ721223
I.a.4-NY99.WN02	W641
I.a.4-NY99	KJ501191
I.a.4-NY99.WN02	W631
I.a.4-NY99.WN02	KR349015
I.a.4-NY99	OQ721697
I.a.4-NY99.WN02	W800
I.a.4-NY99	KJ501193
I.a.4-NY99.WN02	W802
I.a.4-NY99.WN02	KR349018
I.a.4-NY99	OQ721756
I.a.4-NY99.WN02	W654
I.a.4-NY99.WN02	W661
I.a.4-NY99	OQ721201
I.a.4-NY99.WN02	W299
I.a.4-NY99.WN02	W812
I.a.4-NY99	OQ721173
I.a.4-NY99	OQ721745
I.a.4-NY99.WN02	W801
I.a.4-NY99	OQ721393
I.a.4-NY99.WN02	W807
I.a.4-NY99.WN02	W656
I.a.4-NY99.WN02	W130
I.a.4-NY99.WN02	W660
I.a.4-NY99	OQ721372
I.a.4-NY99.WN02	W729
I.a.4-NY99	OQ721709
I.a.4-NY99.WN02	W658
I.a.4-NY99	OQ721618
I.a.4-NY99.WN02	W630
I.a.4-NY99	OQ721488
I.a.4-NY99.WN02	W124
I.a.4-NY99.WN02	W784
I.a.4-NY99	OQ721296
I.a.4-NY99.WN02	W315
I.a.4-NY99	OQ721831
I.a.4-NY99.WN02	W637
I.a.4-NY99.WN02	W369
I.a.4-NY99	OQ721734
I.a.4-NY99.WN02	W120
I.a.4-NY99.WN02	W700
I.a.4-NY99	OQ721548
I.a.4-NY99.WN02	W696
I.a.4-NY99	OQ721292
I.a.4-NY99	OQ721363
I.a.4-NY99.WN02	W683
I.a.4-NY99	OQ721231
I.a.4-NY99.WN02	W727
I.a.4-NY99.WN02	W687
I.a.4-NY99	OQ721676
I.a.4-NY99.WN02	KR349006
I.a.4-NY99.WN02	KR349005
I.a.4-NY99.WN02	KR349021
I.a.4-NY99	KJ501182
I.a.4-NY99	KJ501199
I.a.4-NY99.WN02	W166
I.a.4-NY99	OQ721431
I.a.4-NY99.WN02	W692
I.a.4-NY99.WN02	W205
I.a.4-NY99.WN02	W206
I.a.4-NY99.WN02	W057
I.a.4-NY99.WN02	W006
I.a.4-NY99.WN02	W007
I.a.4-NY99.WN02	W055
I.a.4-NY99.WN02	W059
I.a.4-NY99.WN02	W087
I.a.4-NY99.WN02	W071
I.a.4-NY99.WN02	KJ501178
I.a.4-NY99.WN02	KR349002
I.a.4-NY99	OQ721592
I.a.4-NY99.WN02	W680
I.a.4-NY99.WN02	W746
I.a.4-NY99	OQ721783
I.a.4-NY99.WN02	W743
I.a.4-NY99	OQ721556
I.a.4-NY99.WN02	W735
I.a.4-NY99	OQ721691
I.a.4-NY99.WN02	W737
I.a.4-NY99	OQ721196
I.a.4-NY99	KJ501205
I.a.4-NY99.WN02	KR349026
I.a.4-NY99.WN02	KR349001
I.a.4-NY99	KJ501177
I.a.4-NY99.WN02	KR349003
I.a.4-NY99	KJ501179
I.a.4-NY99.WN02	KR349004
I.a.4-NY99	KJ501180
I.a.4-NY99.WN02	W738
I.a.4-NY99	OQ721113
I.a.4-NY99	OQ721167
I.a.4-NY99.WN02	W734
I.a.4-NY99.WN02	W739
I.a.4-NY99	OQ721494
I.a.4-NY99	OQ721519
I.a.4-NY99.WN02	W756
I.a.4-NY99	OQ721200
I.a.4-NY99.WN02	W757
I.a.4-NY99	OQ721215
I.a.4-NY99.WN02	W765
I.a.4-NY99.WN02	W698
I.a.4-NY99	OQ721773
I.a.4-NY99.WN02	W782
I.a.4-NY99	OQ721209
I.a.4-NY99.WN02	W699
I.a.4-NY99	OQ721378
I.a.4-NY99	OQ721331
I.a.4-NY99.WN02	W770
I.a.4-NY99.WN02	W715
I.a.4-NY99	OQ721598
I.a.4-NY99.WN02	W679
I.a.4-NY99	OQ721322
I.a.4-NY99.WN02	W213
I.a.4-NY99.WN02	W157
I.a.4-NY99.WN02	W689
I.a.4-NY99	OQ721587
I.a.4-NY99.WN02	W688
I.a.4-NY99	OQ721802
I.a.4-NY99.WN02	W204
I.a.4-NY99	OQ721506
I.a.4-NY99.WN02	W695
I.a.4-NY99	OM202921
I.a.4-NY99	OQ721834
I.a.4-NY99.WN02	W753
I.a.4-NY99	OQ721550
I.a.4-NY99.WN02	W237
I.a.4-NY99.WN02	W750
I.a.4-NY99	OQ721682
I.a.4-NY99.WN02	W169
I.a.4-NY99.WN02	W232
I.a.4-NY99.WN02	W478
I.a.4-NY99.WN02	W481
I.a.4-NY99.WN02	W694
I.a.4-NY99	OQ721486
I.a.4-NY99.WN02	W485
I.a.4-NY99.WN02	W240
I.a.4-NY99.WN02	W321
I.a.4-NY99.WN02	W493
I.a.4-NY99.WN02	W342
I.a.4-NY99.WN02	W211
I.a.4-NY99.WN02	W212
I.a.4-NY99.WN02	W763
I.a.4-NY99	OQ721760
I.a.4-NY99	OQ721747
I.a.4-NY99.WN02	W762
I.a.4-NY99.WN02	W704
I.a.4-NY99	OQ721219
I.a.4-NY99	OQ721801
I.a.4-NY99.WN02	W755
I.a.4-NY99.WN02	W754
I.a.4-NY99	OQ721497
I.a.4-NY99.WN02	W749
I.a.4-NY99	OQ721715
I.a.4-NY99.WN02	W486
I.a.4-NY99.WN02	W222
I.a.4-NY99.WN02	W705
I.a.4-NY99	OQ721641
I.a.4-NY99	OQ721388
I.a.4-NY99.WN02	W707
I.a.4-NY99.WN02	W159
I.a.4-NY99	MH508032
I.a.4-NY99.WN02	W236
I.a.4-NY99.WN02	W494
I.a.4-NY99.WN02	W244
I.a.4-NY99.WN02	W233
I.a.4-NY99.WN02	W235
I.a.4-NY99.WN02	W201
I.a.4-NY99.WN02	W0946
I.a.4-NY99.WN02	W202
I.a.4-NY99	OQ721746
I.a.4-NY99.WN02	W752
I.a.4-NY99	OQ721207
I.a.4-NY99.WN02	W693
I.a.4-NY99.WN02	W697
I.a.4-NY99	OQ721282
I.a.4-NY99.WN02	W207
I.a.4-NY99.WN02	W744
I.a.4-NY99.WN02	W742
I.a.4-NY99.WN02	W153
I.a.4-NY99.WN02	W0942
I.a.4-NY99.WN02	W0943
I.a.4-NY99	OQ721355
I.a.4-NY99.WN02	W152
I.a.4-NY99	OQ721115
I.a.4-NY99.WN02	W684
I.a.4-NY99	OQ721852
I.a.4-NY99	OQ721247
I.a.4-NY99.WN02	W685
I.a.4-NY99.WN02	W096
I.a.4-NY99	OQ721781
I.a.4-NY99.WN02	W772
I.a.4-NY99	OQ721361
I.a.4-NY99.WN02	W712
I.a.4-NY99.WN02	KR348995
I.a.4-NY99.WN02	W588
I.a.4-NY99	OQ721628
I.a.4-NY99	KJ501172
I.a.4-NY99	KJ501173
I.a.4-NY99.WN02	KR349007
I.a.4-NY99	KJ501183
I.a.4-NY99	KJ501203
I.a.4-NY99.WN02	KR349024
I.a.4-NY99.WN02	DQ080059
I.a.4-NY99	KJ501175
I.a.4-NY99.WN02	KR348999
I.a.4-NY99.WN02	KR349011
I.a.4-NY99	KJ501187
I.a.4-NY99	KJ501188
I.a.4-NY99.WN02	KR349012
I.a.4-NY99.WN02	W808
I.a.4-NY99	OQ721227
I.a.4-NY99	OQ721156
I.a.4-NY99.WN02	W806
I.a.4-NY99	OQ721402
I.a.4-NY99.WN02	W810
I.a.4-NY99	MH507807
I.a.4-NY99	OQ721533
I.a.4-NY99.WN02	W668
I.a.4-NY99.WN02	W818
I.a.4-NY99	OQ721376
I.a.4-NY99.WN02	W629
I.a.4-NY99	OQ721630
I.a.4-NY99.WN02	W646
I.a.4-NY99	OQ721678
I.a.4-NY99.WN02	W123
I.a.4-NY99.WN02	KJ501267
I.a.4-NY99.WN02	W790
I.a.4-NY99	OQ721798
I.a.4-NY99.WN02	W648
I.a.4-NY99	OQ721239
I.a.4-NY99.WN02	W797
I.a.4-NY99	OQ721295
I.a.4-NY99.WN02	W789
I.a.4-NY99.WN02	W178
I.a.4-NY99.WN02	W795
I.a.4-NY99	OQ721560
I.a.4-NY99.WN02	W788
I.a.4-NY99	OQ721232
I.a.4-NY99.WN02	W783
I.a.4-NY99	OQ721539
I.a.4-NY99	OQ721830
I.a.4-NY99.WN02	W628
I.a.4-NY99	OQ721710
I.a.4-NY99.WN02	W785
I.a.4-NY99.WN02	KR348997
I.a.4-NY99.WN02	W372
I.a.4-NY99.WN02	W796
I.a.4-NY99	OQ721525
I.a.4-NY99.WN02	W635
I.a.4-NY99	OQ721643
I.a.4-NY99.WN02	W794
I.a.4-NY99	OQ721651
I.a.4-NY99.WN02	W644
I.a.4-NY99	OQ721727
I.a.4-NY99.WN02	W647
I.a.4-NY99	OQ721723
I.a.4-NY99.WN02	W645
I.a.4-NY99	OQ721278
I.a.4-NY99	OQ721244
I.a.4-NY99.WN02	W642
I.a.4-NY99.WN02	W643
I.a.4-NY99	OQ721348
I.a.4-NY99.WN02	W655
I.a.4-NY99	OQ721535
I.a.4-NY99.WN02	W809
I.a.4-NY99	OQ721654
I.a.4-NY99.WN02	W814
I.a.4-NY99.WN02	W811
I.a.4-NY99	OQ721690
I.a.4-NY99.WN02	W091
I.a.4-NY99	OQ721280
I.a.4-NY99	OQ721484
I.a.4-NY99.WN02	W282
I.a.4-NY99.WN02	W405
I.a.4-NY99.WN02	W185
I.a.4-NY99.WN02	W142
I.a.4-NY99.WN02	W128
I.a.4-NY99.WN02	W316
I.a.4-NY99.WN02	W319
I.a.4-NY99.WN02	W303
I.a.4-NY99.WN02	W424
I.a.4-NY99.WN02	W425
I.a.4-NY99	KJ501145
I.a.4-NY99.WN02	KR348966
I.a.4-NY99	OQ721829
I.a.4-NY99.WN02	W665
I.a.4-NY99	OQ721784
I.a.4-NY99.WN02	W670
I.a.4-NY99	OQ721272
I.a.4-NY99.WN02	W676
I.a.4-NY99	OQ721308
I.a.4-NY99.WN02	W675
I.a.4-NY99.WN02	W431
I.a.4-NY99.WN02	W432
I.a.4-NY99.WN02	W188
I.a.4-NY99.WN02	W438
I.a.4-NY99.WN02	W453
I.a.4-NY99.WN02	W323
I.a.4-NY99.WN02	W149
I.a.4-NY99.WN02	W192
I.a.4-NY99.WN02	W423
I.a.4-NY99.WN02	W198
I.a.4-NY99.WN02	W214
I.a.4-NY99.WN02	W215
I.a.4-NY99.WN02	W189
I.a.4-NY99.WN02	W139
I.a.4-NY99.WN02	JQ700441
I.a.4-NY99.WN02	W435
I.a.4-NY99.WN02	W324
I.a.4-NY99.WN02	W450
I.a.4-NY99.WN02	W328
I.a.4-NY99.WN02	W446
I.a.4-NY99.WN02	W334
I.a.4-NY99	MH508030
I.a.4-NY99.WN02	W437
I.a.4-NY99.WN02	KR348980
I.a.4-NY99	KJ501157
I.a.4-NY99.WN02	KR348983
I.a.4-NY99	KJ501160
I.a.4-NY99.WN02	KR348984
I.a.4-NY99	KJ501161
I.a.4-NY99.WN02	KR348982
I.a.4-NY99	KJ501159
I.a.4-NY99.WN02	KM012175
I.a.4-NY99	OK573274
I.a.4-NY99.WN02	W337
I.a.4-NY99	OQ721187
I.a.4-NY99.WN02	W429
I.a.4-NY99.WN02	W146
I.a.4-NY99.WN02	W340
I.a.4-NY99.WN02	W332
I.a.4-NY99.WN02	W455
I.a.4-NY99.WN02	W335
I.a.4-NY99.WN02	W331
I.a.4-NY99.WN02	W140
I.a.4-NY99.WN02	W199
I.a.4-NY99	OQ721700
I.a.4-NY99.WN02	W748
I.a.4-NY99.WN02	W226
I.a.4-NY99.WN02	W220
I.a.4-NY99.WN02	W343
I.a.4-NY99.WN02	W225
I.a.4-NY99	OQ721856
I.a.4-NY99.WN02	W711
I.a.4-NY99.WN02	W767
I.a.4-NY99	OQ721840
I.a.4-NY99.WN02	W172
I.a.4-NY99	OQ721255
I.a.4-NY99.WN02	W714
I.a.4-NY99.WN02	W771
I.a.4-NY99	OQ721764
I.a.4-NY99.WN02	W774
I.a.4-NY99	OQ721131
I.a.4-NY99	OQ721399
I.a.4-NY99.WN02	W773
I.a.4-NY99	OQ721379
I.a.4-NY99.WN02	W822
I.a.4-NY99.WN02	W681
I.a.4-NY99	OQ721316
I.a.4-NY99.WN02	KR348920
I.a.4-NY99.WN02	KJ501100
I.a.4-NY99	OQ721175
I.a.4-NY99.WN02	W823
I.a.4-NY99.WN02	W819
I.a.4-NY99	OQ721394
I.a.4-NY99	OQ721298
I.a.4-NY99.WN02	W817
I.a.4-NY99	OQ721836
I.a.4-NY99.WN02	W686
I.a.4-NY99.WN02	W747
I.a.4-NY99	OQ721491
I.a.4-NY99	OQ721807
I.a.4-NY99.WN02	W674
I.a.4-NY99	OQ721265
I.a.4-NY99.WN02	W731
I.a.4-NY99.WN02	KJ501098
I.a.4-NY99.WN02	KR348918
I.a.4-NY99.WN02	KR348915
I.a.4-NY99.WN02	KJ501096
I.a.4-NY99	OQ721742
I.a.4-NY99.WN02	W733
I.a.4-NY99	OQ721143
I.a.4-NY99.WN02	W673
I.a.4-NY99	OQ721679
I.a.4-NY99.WN02	W732
I.a.4-NY99	OQ721335
I.a.4-NY99.WN02	W671
I.a.4-NY99	OQ721241
I.a.4-NY99.WN02	W682
I.a.4-NY99.WN02	W193
I.a.4-NY99.WN02	W741
I.a.4-NY99	OQ721313
I.a.4-NY99.WN02	W736
I.a.4-NY99	OQ721712
I.a.4-NY99.WN02	W678
I.a.4-NY99	OQ721833
I.a.4-NY99.WN02	W740
I.a.4-NY99	OQ721312
I.a.4-NY99.WN02	W217
I.a.4-NY99	OQ721470
I.a.4-NY99.WN02	W677
I.a.4-NY99	OQ721796
I.a.4-NY99.WN02	W745
I.a.4-NY99	OQ721782
I.a.4-NY99.WN02	W719
I.a.4-NY99.WN02	W249
I.a.4-NY99.WN02	W239
I.a.4-NY99	OQ721149
I.a.4-NY99	OQ721656
I.a.4-NY99.WN02	W721
I.a.4-NY99	OQ721702
I.a.4-NY99.WN02	W718
I.a.4-NY99	OQ721649
I.a.4-NY99.WN02	W775
I.a.4-NY99.WN02	W234
I.a.4-NY99.WN02	W245
I.a.4-NY99.WN02	W246
I.a.4-NY99.WN02	W224
I.a.4-NY99.WN02	W708
I.a.4-NY99	OQ721195
I.a.4-NY99.WN02	W218
I.a.4-NY99.WN02	W228
I.a.4-NY99.WN02	W703
I.a.4-NY99	OQ721664
I.a.4-NY99	OQ721420
I.a.4-NY99.WN02	W761
I.a.4-NY99	OQ721234
I.a.4-NY99.WN02	W701
I.a.4-NY99.WN02	W092
I.a.4-NY99	OQ721670
I.a.4-NY99.WN02	W171
I.a.4-NY99	OQ721650
I.a.4-NY99	OQ721674
I.a.4-NY99.WN02	W725
I.a.4-NY99.WN02	W726
I.a.4-NY99.WN02	W231
I.a.4-NY99.WN02	W250
I.a.4-NY99	OQ721622
I.a.4-NY99.WN02	W722
I.a.4-NY99.WN02	W241
I.a.4-NY99	OQ721303
I.a.4-NY99.WN02	W243
I.a.4-NY99.WN02	W242
I.a.4-NY99	OQ721732
I.a.4-NY99.WN02	W780
I.a.4-NY99.WN02	W105
I.a.4-NY99.WN02	W094
I.a.4-NY99.WN02	W013
I.a.4-NY99.WN02	W591
I.a.4-NY99	OQ721639
I.a.4-NY99.WN02	W093
I.a.4-NY99.WN02	W161
I.a.4-NY99.WN02	W593
I.a.4-NY99	OQ721544
I.a.4-NY99.WN02	W590
I.a.4-NY99.WN02	W594
I.a.4-NY99	OQ721766
I.a.4-NY99.WN02	W100
I.a.4-NY99.WN02	W095
I.a.4-NY99.WN02	W098
I.a.4-NY99.WN02	W766
I.a.4-NY99	OQ721648
I.a.4-NY99.WN02	W690
I.a.4-NY99	OQ721130
I.a.4-NY99	OQ721793
I.a.4-NY99.WN02	W691
I.a.4-NY99.WN02	W154
I.a.4-NY99	OK573265
I.a.4-NY99	OQ721277
I.a.4-NY99.WN02	W702
I.a.4-NY99.WN02	W758
I.a.4-NY99	OQ721414
I.a.4-NY99.WN02	W160
I.a.4-NY99	OQ721467
I.a.4-NY99.WN02	W751
I.a.4-NY99.WN02	W769
I.a.4-NY99	OQ721799
I.a.4-NY99	OQ721237
I.a.4-NY99.WN02	W768
I.a.4-NY99.WN02	W759
I.a.4-NY99	OQ721823
I.a.4-NY99	OQ721323
I.a.4-NY99.WN02	W760
I.a.4-NY99.WN02	W230
I.a.4-NY99.WN02	W223
I.a.4-NY99.WN02	W710
I.a.4-NY99	OQ721216
I.a.4-NY99	OQ721762
I.a.4-NY99.WN02	W709
I.a.4-NY99.WN02	W229
I.a.4-NY99	OQ721464
I.a.4-NY99.WN02	W706
I.a.4-NY99	OQ721828
I.a.4-NY99.WN02	W717
I.a.4-NY99.WN02	W716
I.a.4-NY99	OQ721471
I.a.4-NY99	OQ721763
I.a.4-NY99.WN02	W724
I.a.4-NY99	OQ721502
I.a.4-NY99.WN02	W713
I.a.4-NY99	OQ721374
I.a.4-NY99.WN02	W723
I.a.4-NY99.WN02	W778
I.a.4-NY99	OQ721574
I.a.4-NY99.WN02	W781
I.a.4-NY99	OQ721236
I.a.4-NY99.WN02	W720
I.a.4-NY99	OQ721578
I.a.4-NY99.WN02	W777
I.a.4-NY99.WN02	W776
I.a.4-NY99	OQ721566
I.a.4-NY99	OQ721120
I.a.4-NY99.WN02	W779
I.a.4-NY99	OQ721176
I.a.4-NY99.WN02	KJ501265
I.a.4-NY99.WN02	KJ501369
I.a.4-NY99.WN02	KJ501373
I.a.4-NY99	KJ501513
I.a.4-NY99	KJ501444
I.a.4-NY99.WN02	KJ501461
I.a.4-NY99.WN02	JF920732
I.a.4-NY99.WN02	JF920729
I.a.4-NY99.WN02	JF920736
I.a.4-NY99.WN02	JF920737
I.a.4-NY99.WN02	JF920739
I.a.4-NY99.WN02	JF920749
I.a.4-NY99.WN02	KX547294
I.a.4-NY99.WN02	KX547225
I.a.4-NY99.WN02	HQ671702
I.a.4-NY99.WN02	HM488172
I.a.4-NY99.WN02	HM488224
I.a.4-NY99.WN02	HM488223
I.a.4-NY99.WN02	MH166905
I.a.4-NY99.WN02	MH166883
I.a.4-NY99.WN02	HM488230
I.a.4-NY99.WN02	W1455
I.a.4-NY99.WN02	WNV0000108
I.a.4-NY99.WN02	MH166885
I.a.4-NY99.WN02	KJ501257
I.a.4-NY99.WN02	MH166902
I.a.4-NY99.WN02	JF920733
I.a.4-NY99.WN02	KX547349
I.a.4-NY99	HQ671740
I.a.4-NY99.WN02	W1434
I.a.4-NY99	HM756674
I.a.4-NY99.WN02	KX547446
I.a.4-NY99.WN02	KX547599
I.a.4-NY99.WN02	JF920735
I.a.4-NY99.WN02	KX547360
I.a.4-NY99.WN02	HQ671726
I.a.4-NY99.WN02	HM488220
I.a.4-NY99.WN02	KJ501447
I.a.4-NY99.WN02	KJ501396
I.a.4-NY99.WN02	MH819468
I.a.4-NY99.WN02	KJ501527
I.a.4-NY99.WN02	KJ501327
I.a.4-NY99.WN02	KX547207
I.a.4-NY99.WN02	KX547311
I.a.4-NY99.WN02	KX547609
I.a.4-NY99.WN02	MH819461
I.a.4-NY99	JN819311
I.a.4-NY99.WN02	JF920728
I.a.4-NY99.WN02	HQ671703
I.a.4-NY99.WN02	KX547287
I.a.4-NY99.WN02	W1468
I.a.4-NY99.WN02	W1492
I.a.4-NY99.WN02	W1481
I.a.4-NY99.WN02	KJ501402
I.a.4-NY99.WN02	KX547498
I.a.4-NY99.WN02	KJ501524
I.a.4-NY99.WN02	KX547568
I.a.4-NY99	KJ501261
I.a.4-NY99	KJ145825
I.a.4-NY99.WN02	KX547611
I.a.4-NY99	KY782111
I.a.4-NY99.WN02	KJ501415
I.a.4-NY99.WN02	W1501
I.a.4-NY99	HM538581
I.a.4-NY99.WN02	HM488163
I.a.4-NY99.WN02	HM488161
I.a.4-NY99.WN02	HM488164
I.a.4-NY99.WN02	JF920750
I.a.4-NY99.WN02	KX547365
I.a.4-NY99.WN02	KX547401
I.a.4-NY99.WN02	KX547440
I.a.4-NY99.WN02	WNV0000098
I.a.4-NY99.WN02	KX547265
I.a.4-NY99.WN02	W1445
I.a.4-NY99.WN02	W1450
I.a.4-NY99.WN02	GU828003
I.a.4-NY99.WN02	GU828002
I.a.4-NY99.WN02	GU828004
I.a.4-NY99.WN02	GU828001
I.a.4-NY99	CS568919
I.a.4-NY99.WN02	AY712948
I.a.4-NY99.WN02	KJ501372
I.a.4-NY99.WN02	JF730043
I.a.4-NY99.WN02	DQ431696
I.a.4-NY99.WN02	KX547448
I.a.4-NY99.WN02	KX547618
I.a.4-NY99.WN02	HM756669
I.a.4-NY99	HM756655
I.a.4-NY99	KJ145805
I.a.4-NY99	JF357960
I.a.4-NY99.WN02	KX547541
I.a.4-NY99.WN02	KX547463
I.a.4-NY99.WN02	KX547164
I.a.4-NY99.WN02	JF415930
I.a.4-NY99.WN02	JF415915
I.a.4-NY99.WN02	HM756676
I.a.4-NY99.WN02	DQ431699
I.a.4-NY99	KJ501252
I.a.4-NY99.WN02	KJ501411
I.a.4-NY99.WN02	KJ501412
I.a.4-NY99.WN02	KX547241
I.a.4-NY99.WN02	KJ501312
I.a.4-NY99.WN02	MH166884
I.a.4-NY99.WN02	MH166921
I.a.4-NY99.WN02	KX547512
I.a.4-NY99.WN02	KX547453
I.a.4-NY99.WN02	KX547175
I.a.4-NY99.WN02	KX547476
I.a.4-NY99.WN02	KX547447
I.a.4-NY99.WN02	HM488204
I.a.4-NY99.WN02	KX547505
I.a.4-NY99.WN02	W1404
I.a.4-NY99.WN02	W1398
I.a.4-NY99.WN02	KJ501331
I.a.4-NY99.WN02	MH170270
I.a.4-NY99.WN02	KX547588
I.a.4-NY99.WN02	HM488177
I.a.4-NY99.WN02	DQ164198
I.a.4-NY99.WN02	DQ164205
I.a.4-NY99.WN02	HM488254
I.a.4-NY99.WN02	KX547289
I.a.4-NY99.WN02	KX547549
I.a.4-NY99.WN02	HM488251
I.a.4-NY99.WN02	JF730042
I.a.4-NY99.WN02	W1457
I.a.4-NY99	KY782113
I.a.4-NY99.WN02	JF972636
I.a.4-NY99.WN02	KX547530
I.a.4-NY99.WN02	KX547362
I.a.4-NY99.WN02	KX547370
I.a.4-NY99.WN02	KX547219
I.a.4-NY99.WN02	KX547208
I.a.4-NY99.WN02	HM488242
I.a.4-NY99.WN02	KX547191
I.a.4-NY99.WN02	DQ164193
I.a.4-NY99.WN02	KX547305
I.a.4-NY99.WN02	KX547213
I.a.4-NY99.WN02	HQ671725
I.a.4-NY99.WN02	KX547508
I.a.4-NY99.WN02	HM488233
I.a.4-NY99.WN02	HM488234
I.a.4-NY99.WN02	W1489
I.a.4-NY99.WN02	HM488240
I.a.4-NY99.WN02	MH166896
I.a.4-NY99.WN02	MH819451
I.a.4-NY99.WN02	MH819458
I.a.4-NY99.WN02	MH819457
I.a.4-NY99	HM538582
I.a.4-NY99.WN02	W1484
I.a.4-NY99.WN02	W1436
I.a.4-NY99.WN02	MH170238
I.a.4-NY99.WN02	KJ501469
I.a.4-NY99.WN02	KJ501387
I.a.4-NY99.WN02	KJ501504
I.a.4-NY99.WN02	KJ501503
I.a.4-NY99.WN02	KJ501315
I.a.4-NY99.WN02	KJ501475
I.a.4-NY99.WN02	W1415
I.a.4-NY99.WN02	W1393
I.a.4-NY99.WN02	JF415924
I.a.4-NY99.WN02	KJ501214
I.a.4-NY99.WN02	KJ501254
I.a.4-NY99.WN02	JF957182
I.a.4-NY99.WN02	JF957181
I.a.4-NY99.WN02	KX547472
I.a.4-NY99.WN02	MH170267
I.a.4-NY99.WN02	MH170266
I.a.4-NY99.WN02	KX547608
I.a.4-NY99.WN02	KJ501523
I.a.4-NY99.WN02	KX547168
I.a.4-NY99.WN02	HM488237
I.a.4-NY99.WN02	KT862843
I.a.4-NY99.WN02	KC333374
I.a.4-NY99.WN02	KT862844
I.a.4-NY99.WN02	W1385
I.a.4-NY99.WN02	W1412
I.a.4-NY99.WN02	W1428
I.a.4-NY99.WN02	W1408
I.a.4-NY99.WN02	W1392
I.a.4-NY99.WN02	W1442
I.a.4-NY99.WN02	KJ501296
I.a.4-NY99.WN02	W1399
I.a.4-NY99.WN02	KJ501390
I.a.4-NY99.WN02	W1440
I.a.4-NY99.WN02	W1466
I.a.4-NY99.WN02	KX547276
I.a.4-NY99.WN02	KY216154
I.a.4-NY99.WN02	JX015521
I.a.4-NY99.WN02	JX015519
I.a.4-NY99.WN02	JX015522
I.a.4-NY99.WN02	W1423
I.a.4-NY99.WN02	JF957169
I.a.4-NY99	KJ145812
I.a.4-NY99.WN02	WNV0000079
I.a.4-NY99.WN02	MH170255
I.a.4-NY99.WN02	KJ501217
I.a.4-NY99.WN02	KJ501238
I.a.4-NY99.WN02	MH170250
I.a.4-NY99.WN02	MH170245
I.a.4-NY99.WN02	HM488188
I.a.4-NY99.WN02	KJ501303
I.a.4-NY99.WN02	W1413
I.a.4-NY99.WN02	KJ501380
I.a.4-NY99.WN02	KJ501451
I.a.4-NY99.WN02	KX547345
I.a.4-NY99.WN02	HQ705669
I.a.4-NY99.WN02	KJ501351
I.a.4-NY99.WN02	HM488227
I.a.4-NY99.WN02	HM488228
I.a.4-NY99.WN02	KJ501321
I.a.4-NY99.WN02	KJ501384
I.a.4-NY99.WN02	KX547605
I.a.4-NY99.WN02	HM488193
I.a.4-NY99.WN02	JN183885
I.a.4-NY99.WN02	KX547606
I.a.4-NY99.WN02	HM488122
I.a.4-NY99.WN02	HM488121
I.a.4-NY99.WN02	HM488123
I.a.4-NY99.WN02	HM488124
I.a.4-NY99.WN02	KX547182
I.a.4-NY99.WN02	KX547226
I.a.4-NY99.WN02	KX547275
I.a.4-NY99.WN02	KJ501458
I.a.4-NY99.WN02	W1433
I.a.4-NY99.WN02	JN183891
I.a.4-NY99.WN02	KJ501266
I.a.4-NY99.WN02	DQ164191
I.a.4-NY99.WN02	HM756648
I.a.4-NY99.WN02	KJ501346
I.a.4-NY99.WN02	HQ671728
I.a.4-NY99.WN02	KX547263
I.a.4-NY99.WN02	KX547422
I.a.4-NY99.WN02	KX547560
I.a.4-NY99.WN02	HQ671720
I.a.4-NY99.WN02	KX547346
I.a.4-NY99.WN02	KX547302
I.a.4-NY99.WN02	KX547421
I.a.4-NY99.WN02	KX547603
I.a.4-NY99.WN02	HM488178
I.a.4-NY99.WN02	KX547247
I.a.4-NY99.WN02	W1461
I.a.4-NY99.WN02	W1431
I.a.4-NY99.WN02	W1388
I.a.4-NY99.WN02	KJ501237
I.a.4-NY99.WN02	JF415917
I.a.4-NY99.WN02	KJ501259
I.a.4-NY99.WN02	HM488155
I.a.4-NY99.WN02	DQ431695
I.a.4-NY99.WN02	KX547468
I.a.4-NY99.WN02	GU827999
I.a.4-NY99.WN02	KX547388
I.a.4-NY99.WN02	W1443
I.a.4-NY99.WN02	HQ671721
I.a.4-NY99.WN02	KJ501350
I.a.4-NY99.WN02	GU828000
I.a.4-NY99.WN02	KX547596
I.a.4-NY99.WN02	DQ164199
I.a.4-NY99.WN02	HM488184
I.a.4-NY99.WN02	KX547592
I.a.4-NY99.WN02	HM488210
I.a.4-NY99.WN02	W1430
I.a.4-NY99.WN02	KX547215
I.a.4-NY99.WN02	JF415929
I.a.4-NY99.WN02	KX547561
I.a.4-NY99.WN02	KX547545
I.a.4-NY99.WN02	MH819454
I.a.4-NY99.WN02	HM488197
I.a.4-NY99.WN02	KJ501405
I.a.4-NY99.WN02	KX547436
I.a.4-NY99.WN02	HM488241
I.a.4-NY99.WN02	KX547580
I.a.4-NY99.WN02	KJ501284
I.a.4-NY99.WN02	HM488179
I.a.4-NY99.WN02	HM756651
I.a.4-NY99.WN02	W1427
I.a.4-NY99.WN02	HM488212
I.a.4-NY99.WN02	HM488176
I.a.4-NY99	KY782109
I.a.4-NY99.WN02	KX547231
I.a.4-NY99.WN02	KX547260
I.a.4-NY99.WN02	KJ501511
I.a.4-NY99	EU155484
I.a.4-NY99.WN02	KJ501421
I.a.4-NY99.WN02	DQ431693
I.a.4-NY99.WN02	KX547336
I.a.4-NY99.WN02	KX547188
I.a.4-NY99	JN819308
I.a.4-NY99.WN02	KX547593
I.a.4-NY99.WN02	KJ501322
I.a.4-NY99.WN02	W1403
I.a.4-NY99.WN02	KJ501292
I.a.4-NY99.WN02	KJ501361
I.a.4-NY99.WN02	KX547262
I.a.4-NY99.WN02	MH170252
I.a.4-NY99.WN02	KX547429
I.a.4-NY99.WN02	MH166915
I.a.4-NY99.WN02	KX547312
I.a.4-NY99.WN02	KJ501456
I.a.4-NY99.WN02	KX547363
I.a.4-NY99.WN02	KJ501457
I.a.4-NY99.WN02	KX547238
I.a.4-NY99.WN02	KX547341
I.a.4-NY99.WN02	KX547563
I.a.4-NY99.WN02	KX547432
I.a.4-NY99	HQ671692
I.a.4-NY99.WN02	KX547246
I.a.4-NY99.WN02	KJ501514
I.a.4-NY99.WN02	MH170264
I.a.4-NY99.WN02	KX547423
I.a.4-NY99.WN02	DQ164196
I.a.4-NY99.WN02	DQ164197
I.a.4-NY99.WN02	KJ501309
I.a.4-NY99.WN02	KJ501368
I.a.4-NY99.WN02	W1400
I.a.4-NY99.WN02	KX547615
I.a.4-NY99.WN02	HM488160
I.a.4-NY99.WN02	HM756649
I.a.4-NY99.WN02	W1465
I.a.4-NY99.WN02	W1429
I.a.4-NY99.WN02	MH170231
I.a.4-NY99.WN02	HQ705660
I.a.4-NY99.WN02	HM488173
I.a.4-NY99.WN02	HM756650
I.a.4-NY99.WN02	HM488217
I.a.4-NY99	KJ145804
I.a.4-NY99.WN02	KJ501345
I.a.4-NY99	JN819305
I.a.4-NY99	KJ145809
I.a.4-NY99.WN02	KX547259
I.a.4-NY99.WN02	KJ786935
I.a.4-NY99.WN02	HM488159
I.a.4-NY99.WN02	DQ666450
I.a.4-NY99.WN02	KX547506
I.a.4-NY99.WN02	KX547550
I.a.4-NY99.WN02	KJ501271
I.a.4-NY99	KJ145803
I.a.4-NY99.WN02	HM488144
I.a.4-NY99.WN02	HM488145
I.a.4-NY99.WN02	HM488146
I.a.4-NY99.WN02	W1459
I.a.4-NY99.WN02	KJ501466
I.a.4-NY99	HM538583
I.a.4-NY99.WN02	MH170257
I.a.4-NY99.WN02	KJ501328
I.a.4-NY99.WN02	KJ501477
I.a.4-NY99.WN02	KX547527
I.a.4-NY99.WN02	KJ501383
I.a.4-NY99.WN02	KX547398
I.a.4-NY99	JN819322
I.a.4-NY99.WN02	KX547237
I.a.4-NY99.WN02	KX547390
I.a.4-NY99.WN02	KX547281
I.a.4-NY99.WN02	HM756671
I.a.4-NY99.WN02	JF920752
I.a.4-NY99.WN02	W1463
I.a.4-NY99.WN02	KX547326
I.a.4-NY99.WN02	KJ501417
I.a.4-NY99.WN02	MH819469
I.a.4-NY99.WN02	KX547359
I.a.4-NY99.WN02	KX547250
I.a.4-NY99.WN02	W1499
I.a.4-NY99.WN02	KJ145827
I.a.4-NY99.WN02	KX547600
I.a.4-NY99.WN02	W1485
I.a.4-NY99.WN02	JF957186
I.a.4-NY99.WN02	KJ501442
I.a.4-NY99.WN02	KJ501438
I.a.4-NY99	OK573270
I.a.4-NY99.WN02	KF704158
I.a.4-NY99.WN02	JQ700440
I.a.4-NY99.WN02	JF957185
I.a.4-NY99.WN02	KM012174
I.a.4-NY99.WN02	KM012170
I.a.4-NY99.WN02	MG004529
I.a.4-NY99.WN02	MG004539
I.a.4-NY99.SW03	KJ501376
I.a.4-NY99.SW03	KJ145829
I.a.4-NY99	KY782122
I.a.4-NY99.SW03	JX015518
I.a.4-NY99.SW03	JX015517
I.a.4-NY99.SW03	JX015520
I.a.4-NY99.SW03	W1422
I.a.4-NY99.SW03	W1478
I.a.4-NY99.SW03	HM488201
I.a.4-NY99.SW03	KX547539
I.a.4-NY99.SW03	KX547528
I.a.4-NY99.SW03	DQ164203
I.a.4-NY99.SW03	W1476
I.a.4-NY99.SW03	KX547273
I.a.4-NY99.SW03	MH170230
I.a.4-NY99.SW03	KX547375
I.a.4-NY99.SW03	KX547352
I.a.4-NY99.SW03	KJ501522
I.a.4-NY99.SW03	W1479
I.a.4-NY99.SW03	W1488
I.a.4-NY99.SW03	KX547585
I.a.4-NY99.SW03	WNV0000109
I.a.4-NY99.SW03	WNV0000103
I.a.4-NY99.SW03	KX547552
I.a.4-NY99.SW03	KJ501326
I.a.4-NY99.SW03	KX547282
I.a.4-NY99.SW03	KX547264
I.a.4-NY99.SW03	W1475
I.a.4-NY99.SW03	KJ501354
I.a.4-NY99.SW03	KX547451
I.a.4-NY99.SW03	KJ501430
I.a.4-NY99.SW03	KJ501429
I.a.4-NY99.SW03	KJ501295
I.a.4-NY99.SW03	W1446
I.a.4-NY99.SW03	W1496
I.a.4-NY99.SW03	W1477
I.a.4-NY99.SW03	W1482
I.a.4-NY99	HQ671744
I.a.4-NY99.SW03	JF415914
I.a.4-NY99.SW03	MH170272
I.a.4-NY99.SW03	KX547361
I.a.4-NY99.SW03	KJ501222
I.a.4-NY99.SW03	KC333375
I.a.4-NY99.SW03	KJ501381
I.a.4-NY99.SW03	DQ666452
I.a.4-NY99.SW03	W1497
I.a.4-NY99.SW03	W1498
I.a.4-NY99.SW03	KX547544
I.a.4-NY99.SW03	KJ501250
I.a.4-NY99.SW03	KF704153
I.a.4-NY99.SW03	JF957175
I.a.4-NY99.SW03	JQ700438
I.a.4-NY99.SW03	KJ501170
I.a.4-NY99.SW03	KR348993
I.a.4-NY99.SW03	KX547462
I.a.4-NY99.SW03	KJ501392
I.a.4-NY99.SW03	W1472
I.a.4-NY99.SW03	KJ145832
I.a.4-NY99.SW03	JF920751
I.a.4-NY99.SW03	W1474
I.a.4-NY99.SW03	KJ501418
I.a.4-NY99.SW03	JF415921
I.a.4-NY99.SW03	KX547197
I.a.4-NY99.SW03	KX547318
I.a.4-NY99.SW03	KJ501518
I.a.4-NY99.SW03	KX547187
I.a.4-NY99.SW03	KJ501258
I.a.4-NY99	KJ501197
I.a.4-NY99	KJ501181
I.a.4-NY99	KJ501198
I.a.4-NY99.SW03	W1467
I.a.4-NY99.SW03	HM488191
I.a.4-NY99.SW03	KJ501385
I.a.4-NY99.SW03	KX547173
I.a.4-NY99.SW03	HM756675
I.a.4-NY99.SW03	KX547347
I.a.4-NY99.SW03	KJ501462
I.a.4-NY99.SW03	W1470
I.a.4-NY99.SW03	KJ501324
I.a.4-NY99.SW03	W1420
I.a.4-NY99.SW03	W1432
I.a.4-NY99.SW03	W1464
I.a.4-NY99.SW03	DQ080069
I.a.4-NY99.SW03	DQ080063
I.a.4-NY99.SW03	DQ080064
I.a.4-NY99.SW03	DQ080070
I.a.4-NY99.SW03	DQ080065
I.a.4-NY99.SW03	DQ080067
I.a.4-NY99.SW03	DQ080066
I.a.4-NY99.SW03	DQ080068
I.a.4-NY99.SW03	W1451
I.a.4-NY99.SW03	W1438
I.a.4-NY99.SW03	KJ501391
I.a.4-NY99.SW03	MH170237
I.a.4-NY99.SW03	W1494
I.a.4-NY99.SW03	W1469
I.a.4-NY99.SW03	DQ431706
I.a.4-NY99.SW03	DQ431707
I.a.4-NY99.SW03	W1441
I.a.4-NY99.SW03	KX547534
I.a.4-NY99.SW03	KJ501349
I.a.4-NY99.SW03	KJ501297
I.a.4-NY99.SW03	HM488198
I.a.4-NY99.SW03	HM488239
I.a.4-NY99.SW03	JN183886
I.a.4-NY99.SW03	KJ501323
I.a.4-NY99.SW03	KJ501253
I.a.4-NY99.SW03	MH170235
I.a.4-NY99.SW03	W1437
I.a.4-NY99.SW03	JX015515
I.a.4-NY99.SW03	MH170226
I.a.4-NY99.SW03	KJ501526
I.a.4-NY99.SW03	KJ501424
I.a.4-NY99.SW03	DQ666449
I.a.4-NY99.SW03	KJ501416
I.a.4-NY99.SW03	W119
I.a.4-NY99	OQ721193
I.a.4-NY99.SW03	JF957177
I.a.4-NY99.SW03	GQ507480
I.a.4-NY99.SW03	DQ666448
I.a.4-NY99.SW03	DQ080052
I.a.4-NY99.SW03	KJ501404
I.a.4-NY99.SW03	KJ501471
I.a.4-NY99.SW03	JF957173
I.a.4-NY99.SW03	DQ666451
I.a.4-NY99.SW03	MH170239
I.a.4-NY99.SW03	MH170244
I.a.4-NY99.SW03	MF175815
I.a.4-NY99.SW03	MH170251
I.a.4-NY99.SW03	KJ501398
I.a.4-NY99.SW03	W346
I.a.4-NY99.SW03	W350
I.a.4-NY99.SW03	W348
I.a.4-NY99.SW03	W345
I.a.4-NY99.SW03	W355
I.a.4-NY99.SW03	W349
I.a.4-NY99.SW03	KR348975
I.a.4-NY99	KJ501152
I.a.4-NY99.SW03	DQ431711
I.a.4-NY99.SW03	W353
I.a.4-NY99.SW03	W344
I.a.4-NY99.SW03	W352
I.a.4-NY99.SW03	W351
I.a.4-NY99	KJ501156
I.a.4-NY99.SW03	KR348979
I.a.4-NY99.SW03	JF957166
I.a.4-NY99.SW03	GQ507479
I.a.4-NY99	OQ721843
I.a.4-NY99.SW03	W639
I.a.4-NY99.SW03	W257
I.a.4-NY99	OQ721617
I.a.4-NY99	OQ721380
I.a.4-NY99.SW03	W260
I.a.4-NY99.SW03	JF957164
I.a.4-NY99.SW03	W060
I.a.4-NY99.SW03	W0929
I.a.4-NY99.SW03	W0927
I.a.4-NY99.SW03	W0936
I.a.4-NY99.SW03	W0937
I.a.4-NY99.SW03	KJ501335
I.a.4-NY99.SW03	KJ501529
I.a.4-NY99.SW03	KJ501431
I.a.4-NY99.SW03	KJ501358
I.a.4-NY99.SW03	DQ431704
I.a.4-NY99.SW03	W1452
I.a.4-NY99.SW03	KX547387
I.a.4-NY99.SW03	JF415919
I.a.4-NY99.SW03	DQ080051
I.a.4-NY99.SW03	DQ431702
I.a.4-NY99.SW03	DQ080053
I.a.4-NY99.SW03	KJ501478
I.a.4-NY99.SW03	KJ501348
I.a.4-NY99.SW03	W1493
I.a.4-NY99.SW03	KJ501419
I.a.4-NY99.SW03	MH170232
I.a.4-NY99.SW03	KJ501389
I.a.4-NY99.SW03	KJ501420
I.a.4-NY99.SW03	KX547510
I.a.4-NY99.SW03	JF957170
I.a.4-NY99.SW03	MH170241
I.a.4-NY99.SW03	GQ507470
I.a.4-NY99.SW03	JX015516
I.a.4-NY99.SW03	GQ507471
I.a.4-NY99.SW03	KM012172
I.a.4-NY99.SW03	JX015523
I.a.4-NY99.SW03	MG004540
I.a.4-NY99.SW03	MG004533
I.a.4-NY99.SW03	MF175866
I.a.4-NY99	OM202918
I.a.4-NY99	OM202933
I.a.4-NY99	OM202914
I.a.4-NY99.SW03	KJ501113
I.a.4-NY99.SW03	KR348933
I.a.4-NY99.SW03	KR348928
I.a.4-NY99.SW03	KJ501108
I.a.4-NY99.SW03	KJ501112
I.a.4-NY99.SW03	KR348932
I.a.4-NY99.SW03	KJ501114
I.a.4-NY99.SW03	KR348934
I.a.4-NY99	OM202907
I.a.4-NY99.SW03	MG004537
I.a.4-NY99	OQ721655
I.a.4-NY99.SW03	W062
I.a.4-NY99.SW03	W538
I.a.4-NY99.SW03	W053
I.a.4-NY99	OQ721346
I.a.4-NY99.SW03	W543
I.a.4-NY99.SW03	W551
I.a.4-NY99	OQ721275
I.a.4-NY99.SW03	W101
I.a.4-NY99.SW03	W078
I.a.4-NY99	OQ721403
I.a.4-NY99.SW03	W560
I.a.4-NY99.SW03	W582
I.a.4-NY99	OQ721493
I.a.4-NY99.SW03	W576
I.a.4-NY99.SW03	W090
I.a.4-NY99	OQ721561
I.a.4-NY99.SW03	W569
I.a.4-NY99.SW03	W065
I.a.4-NY99	OQ721151
I.a.4-NY99.SW03	W067
I.a.4-NY99.SW03	W541
I.a.4-NY99.SW03	W070
I.a.4-NY99.SW03	W583
I.a.4-NY99.SW03	W173
I.a.4-NY99.SW03	W016
I.a.4-NY99	OQ721832
I.a.4-NY99.SW03	W561
I.a.4-NY99.SW03	W082
I.a.4-NY99	OQ721685
I.a.4-NY99.SW03	W573
I.a.4-NY99.SW03	W555
I.a.4-NY99	OQ721339
I.a.4-NY99.SW03	W567
I.a.4-NY99	OQ721318
I.a.4-NY99.SW03	W009
I.a.4-NY99.SW03	W086
I.a.4-NY99.SW03	W577
I.a.4-NY99.SW03	W581
I.a.4-NY99.SW03	W557
I.a.4-NY99.SW03	W566
I.a.4-NY99	OQ721522
I.a.4-NY99.SW03	W073
I.a.4-NY99.SW03	W014
I.a.4-NY99.SW03	W552
I.a.4-NY99.SW03	W076
I.a.4-NY99.SW03	W549
I.a.4-NY99.SW03	W563
I.a.4-NY99.SW03	W111
I.a.4-NY99.SW03	W079
I.a.4-NY99.SW03	W575
I.a.4-NY99.SW03	W080
I.a.4-NY99.SW03	W587
I.a.4-NY99.SW03	W108
I.a.4-NY99.SW03	W595
I.a.4-NY99	OQ721631
I.a.4-NY99.SW03	W104
I.a.4-NY99.SW03	W084
I.a.4-NY99.SW03	W554
I.a.4-NY99.SW03	W085
I.a.4-NY99	OQ721538
I.a.4-NY99.SW03	W015
I.a.4-NY99.SW03	W589
I.a.4-NY99	OQ721804
I.a.4-NY99.SW03	W565
I.a.4-NY99.SW03	W585
I.a.4-NY99.SW03	W584
I.a.4-NY99	OQ721601
I.a.4-NY99.SW03	W570
I.a.4-NY99	OQ721571
I.a.4-NY99	OQ721767
I.a.4-NY99.SW03	W562
I.a.4-NY99.SW03	W568
I.a.4-NY99	OQ721217
I.a.4-NY99	OQ721205
I.a.4-NY99.SW03	W571
I.a.4-NY99.SW03	W109
I.a.4-NY99.SW03	W066
I.a.4-NY99.SW03	W077
I.a.4-NY99.SW03	W061
I.a.4-NY99.SW03	W075
I.a.4-NY99.SW03	W074
I.a.4-NY99.SW03	W548
I.a.4-NY99	OQ721671
I.a.4-NY99.SW03	W547
I.a.4-NY99.SW03	W546
I.a.4-NY99.SW03	W540
I.a.4-NY99.SW03	W010
I.a.4-NY99.SW03	W069
I.a.4-NY99	OQ721220
I.a.4-NY99.SW03	W556
I.a.4-NY99.SW03	W572
I.a.4-NY99	OQ721696
I.a.4-NY99.SW03	W550
I.a.4-NY99.SW03	W008
I.a.4-NY99.SW03	W112
I.a.4-NY99.SW03	W107
I.a.4-NY99.SW03	W064
I.a.4-NY99.SW03	W539
I.a.4-NY99.SW03	W063
I.a.4-NY99.SW03	W564
I.a.4-NY99.SW03	W574
I.a.4-NY99.SW03	W559
I.a.4-NY99.SW03	DQ164201
I.a.4-NY99.SW03	DQ431712
I.a.4-NY99.SW03	GQ507468
I.a.4-NY99	OQ721119
I.a.4-NY99.SW03	W633
I.a.4-NY99.SW03	GQ507469
I.a.4-NY99.SW03	JF957174
I.a.4-NY99.SW03	JF957176
I.a.4-NY99	OQ721397
I.a.4-NY99.SW03	W259
I.a.4-NY99.SW03	KJ501128
I.a.4-NY99.SW03	KR348948
I.a.4-NY99.SW03	W121
I.a.4-NY99.SW03	KJ501485
I.a.4-NY99.SW03	KJ501409
I.a.4-NY99.SW03	KJ501521
I.a.4-NY99.SW03	W659
I.a.4-NY99	OQ721800
I.a.4-NY99.SW03	KR349014
I.a.4-NY99	KJ501190
I.a.4-NY99	OQ721190
I.a.4-NY99.SW03	W664
I.a.4-NY99.SW03	KR348919
I.a.4-NY99.SW03	KJ501099
I.a.4-NY99	KJ501194
I.a.4-NY99.SW03	KR349019
I.a.4-NY99.SW03	KR348922
I.a.4-NY99.SW03	KJ501102
I.a.4-NY99.SW03	W663
I.a.4-NY99	OQ721172
I.a.4-NY99.SW03	W200
I.a.4-NY99.SW03	W669
I.a.4-NY99	OQ721266
I.a.4-NY99.SW03	KR348921
I.a.4-NY99.SW03	KJ501101
I.a.4-NY99.SW03	W068
I.a.4-NY99.SW03	W012
I.a.4-NY99	OQ721442
I.a.4-NY99.SW03	W764
I.a.4-NY99.SW03	W392
I.a.4-NY99.SW03	W117
I.a.4-NY99	OQ721770
I.a.4-NY99	OQ721540
I.a.4-NY99.SW03	W184
I.a.4-NY99.SW03	W359
I.a.4-NY99	OQ721640
I.a.4-NY99.SW03	W267
I.a.4-NY99.SW03	W366
I.a.4-NY99.SW03	W266
I.a.4-NY99	OQ721503
I.a.4-NY99.SW03	W269
I.a.4-NY99	OQ721688
I.a.4-NY99	OQ721435
I.a.4-NY99.SW03	W263
I.a.4-NY99.SW03	W181
I.a.4-NY99.SW03	W134
I.a.4-NY99.SW03	W411
I.a.4-NY99.SW03	W183
I.a.4-NY99.SW03	W186
I.a.4-NY99.SW03	W191
I.a.4-NY99.SW03	W194
I.a.4-NY99.SW03	KR348976
I.a.4-NY99	KJ501153
I.a.4-NY99	KJ501154
I.a.4-NY99.SW03	KR348977
I.a.4-NY99	OQ721468
I.a.4-NY99.SW03	W666
I.a.4-NY99	OQ721116
I.a.4-NY99.SW03	W820
I.a.4-NY99.SW03	W821
I.a.4-NY99	OQ721135
I.a.4-NY99.SW03	W667
I.a.4-NY99	OQ721451
I.a.4-NY99	OQ721844
I.a.4-NY99.SW03	W270
I.a.4-NY99.SW03	W363
I.a.4-NY99.SW03	W262
I.a.4-NY99.SW03	W383
I.a.4-NY99.SW03	W381
I.a.4-NY99.SW03	W279
I.a.4-NY99.SW03	W275
I.a.4-NY99.SW03	W371
I.a.4-NY99.SW03	W378
I.a.4-NY99.SW03	W300
I.a.4-NY99.SW03	W293
I.a.4-NY99.SW03	W395
I.a.4-NY99.SW03	W391
I.a.4-NY99	KJ501167
I.a.4-NY99.SW03	KR348990
I.a.4-NY99.SW03	W286
I.a.4-NY99.SW03	W290
I.a.4-NY99.SW03	W289
I.a.4-NY99.SW03	W291
I.a.4-NY99.SW03	W292
I.a.4-NY99.SW03	W276
I.a.4-NY99.SW03	W278
I.a.4-NY99.SW03	W393
I.a.4-NY99.SW03	W297
I.a.4-NY99.SW03	KR348986
I.a.4-NY99	KJ501163
I.a.4-NY99.SW03	KR348989
I.a.4-NY99	KJ501166
I.a.4-NY99.SW03	W272
I.a.4-NY99.SW03	W377
I.a.4-NY99.SW03	W397
I.a.4-NY99.SW03	W296
I.a.4-NY99.SW03	W287
I.a.4-NY99.SW03	W375
I.a.4-NY99.SW03	W382
I.a.4-NY99.SW03	W379
I.a.4-NY99.SW03	KJ501428
I.a.4-NY99.SW03	W376
I.a.4-NY99	KJ501169
I.a.4-NY99.SW03	KR348992
I.a.4-NY99.SW03	W380
I.a.4-NY99.SW03	W283
I.a.4-NY99.SW03	W274
I.a.4-NY99.SW03	W277
I.a.4-NY99.SW03	W374
I.a.4-NY99.SW03	HM756677
I.a.4-NY99.SW03	GQ507482
I.a.4-NY99.SW03	JF703163
I.a.4-NY99.SW03	KJ501106
I.a.4-NY99.SW03	KR348926
I.a.4-NY99.SW03	KR348929
I.a.4-NY99.SW03	KJ501109
I.a.4-NY99.SW03	JF957178
I.a.4-NY99.SW03	KF704147
I.a.4-NY99.SW03	KJ501236
I.a.4-NY99.SW03	KR348944
I.a.4-NY99.SW03	KJ501124
I.a.4-NY99.SW03	KJ501117
I.a.4-NY99.SW03	KR348937
I.a.4-NY99.SW03	KJ501120
I.a.4-NY99.SW03	KR348940
I.a.4-NY99.SW03	KJ501118
I.a.4-NY99.SW03	KR348938
I.a.4-NY99.SW03	KJ501122
I.a.4-NY99.SW03	KR348942
I.a.4-NY99.SW03	KJ501121
I.a.4-NY99.SW03	KR348941
I.a.4-NY99.SW03	JF957161
I.a.4-NY99.SW03	JF957165
I.a.4-NY99.SW03	JF957167
I.a.4-NY99.SW03	JF957172
I.a.4-NY99.SW03	JF957162
I.a.4-NY99.SW03	JF957163
I.a.4-NY99.SW03	JF957168
I.a.4-NY99.SW03	JF957171
I.a.4-NY99.SW03	W0933
I.a.4-NY99.SW03	W0920
I.a.4-NY99.SW03	W0939
I.a.4-NY99.SW03	W0921
I.a.4-NY99.SW03	W0940
I.a.4-NY99.SW03	W0924
I.a.4-NY99.SW03	W0925
I.a.4-NY99.SW03	W0944
I.a.4-NY99.SW03	W0947
I.a.4-NY99.SW03	W0948
I.a.4-NY99.SW03	W0949
I.a.4-NY99.SW03	W0941
I.a.4-NY99.SW03	W0938
I.a.4-NY99.SW03	W0945
I.a.4-NY99.SW03	W0926
I.a.4-NY99.SW03	W0931
I.a.4-NY99.SW03	W824
I.a.4-NY99	OQ721750
I.a.4-NY99	OQ721212
I.a.4-NY99.SW03	W825
I.a.4-NY99.SW03	W826
I.a.4-NY99	OQ721460
I.a.4-NY99.SW03	W829
I.a.4-NY99	OQ721279
I.a.4-NY99	OQ721485
I.a.4-NY99.SW03	W827
I.a.4-NY99	OQ721837
I.a.4-NY99.SW03	W828
I.a.4-NY99	OQ721344
I.a.4-NY99.SW03	W830
I.a.4-NY99.SW03	W252
I.a.4-NY99.SW03	W258
I.a.4-NY99.SW03	W367
I.a.4-NY99	OQ721123
I.a.4-NY99	OQ721820
I.a.4-NY99.SW03	W271
I.a.4-NY99.SW03	W357
I.a.4-NY99	OQ721479
I.a.4-NY99.SW03	W264
I.a.4-NY99.SW03	W354
I.a.4-NY99.SW03	W347
I.a.4-NY99.SW03	W256
I.a.4-NY99	OQ721319
I.a.4-NY99.SW03	W365
I.a.4-NY99.SW03	W360
I.a.4-NY99.SW03	W361
I.a.4-NY99.SW03	W261
I.a.4-NY99	OQ721683
I.a.4-NY99.SW03	W368
I.a.4-NY99.SW03	W362
I.a.4-NY99.SW03	W370
I.a.4-NY99.SW03	W285
I.a.4-NY99.SW03	W273
I.a.4-NY99.SW03	W358
I.a.4-NY99.SW03	W265
I.a.4-NY99	OQ721647
I.a.4-NY99	MH507879
I.a.4-NY99	MH507881
I.a.4-NY99	MH507875
I.a.4-NY99.SW03	W182
I.a.4-NY99.SW03	W373
I.a.4-NY99.SW03	W280
I.a.4-NY99.SW03	W384
I.a.4-NY99.SW03	KR348955
I.a.4-NY99.SW03	GQ507484
I.a.4-NY99.SW03	KR348946
I.a.4-NY99.SW03	KJ501126
I.a.4-NY99.SW03	W390
I.a.4-NY99.SW03	W396
I.a.4-NY99	GQ379159
I.a.4-NY99	KJ501162
I.a.4-NY99.SW03	KR348985
I.a.4-NY99.SW03	KJ501168
I.a.4-NY99.SW03	KR348991
I.a.4-NY99.SW03	W389
I.a.4-NY99.SW03	W394
I.a.4-NY99.SW03	W298
I.a.4-NY99.SW03	W385
I.a.4-NY99.SW03	W295
I.a.4-NY99.SW03	W284
I.a.4-NY99.SW03	W388
I.a.4-NY99.SW03	W294
I.a.4-NY99.SW03	W386
I.a.4-NY99.SW03	W288
I.a.4-NY99.SW03	W387
I.a.4-NY99.SW03	W281
I.a.4-NY99.SW03	W302
I.a.4-NY99.SW03	KR348978
I.a.4-NY99	KJ501155
I.a.4-NY99.SW03	KR348987
I.a.4-NY99	KJ501164
I.a.4-NY99	KJ501165
I.a.4-NY99.SW03	KR348988
I.a.4-NY99.SW03	W407
I.a.4-NY99.SW03	W307
I.a.4-NY99.SW03	W305
I.a.4-NY99.SW03	W404
I.a.4-NY99.SW03	W403
I.a.4-NY99.SW03	W398
I.a.4-NY99.SW03	W408
I.a.4-NY99.SW03	W416
I.a.4-NY99.SW03	W417
I.a.4-NY99.SW03	W402
I.a.4-NY99.SW03	W304
I.a.4-NY99.SW03	W401
I.a.4-NY99.SW03	W409
I.a.4-NY99.SW03	KJ501110
I.a.4-NY99.SW03	KR348930
I.a.4-NY99.SW03	KJ501111
I.a.4-NY99.SW03	KR348931
I.a.4-NY99.SW03	W320
I.a.4-NY99.SW03	W414
I.a.4-NY99.SW03	W318
I.a.4-NY99.SW03	W412
I.a.4-NY99.SW03	W311
I.a.4-NY99.SW03	W400
I.a.4-NY99.SW03	W308
I.a.4-NY99.SW03	W410
I.a.4-NY99.SW03	W309
I.a.4-NY99.SW03	W306
I.a.4-NY99.SW03	W406
I.a.4-NY99.SW03	W310
I.a.4-NY99.SW03	W133
I.a.4-NY99.SW03	W399
I.a.4-NY99.SW03	W313
I.a.4-NY99.SW03	W419
I.a.4-NY99.SW03	W314
I.a.4-NY99.SW03	W426
I.a.4-NY99	KJ501158
I.a.4-NY99.SW03	KR348981
I.a.4-NY99.SW03	W325
I.a.4-NY99.SW03	W434
I.a.4-NY99.SW03	W440
I.a.4-NY99	KJ501200
I.a.4-NY99.SW03	W333
I.a.4-NY99.SW03	W339
I.a.4-NY99	OK573264
I.a.4-NY99.SW03	W317
I.a.4-NY99.SW03	W413
I.a.4-NY99.SW03	W421
I.a.4-NY99.SW03	W420
I.a.4-NY99.SW03	W312
I.a.4-NY99.SW03	W415
I.a.4-NY99.SW03	W422
I.a.4-NY99.SW03	W418
I.a.4-NY99.SW03	W428
I.a.4-NY99.SW03	W433
I.a.4-NY99.SW03	W430
I.a.4-NY99.SW03	W427
I.a.4-NY99.SW03	W436
IV	KJ831223
II	KF179640
II	KM659876
II	KP109692
II	KP109691
II	KP780840
II	KP780839
II	KP780838
II	KP780837
II	MF984340
II	MF984339
II	MF984338
II	MF984337
II	MF984346
II	MF984345
II	MF984344
II	MF984343
II	MF984342
II	MF984341
II	MF984352
II	MF984351
II	MF984350
II	MF984349
II	MF984348
II	MF984347
II	MH021189
II	KU206781
II	MT341472
II	DQ318020
II	GQ903680
II	KM203863
II	KM203862
II	KM203861
II	KM203860
II	HM147824
II	MT863561
II	MT863560
II	OX442313
II	OX442290
II	OX442285
II	OX442307
II	OX442312
II	OX442292
II	OX442311
II	OX442274
II	OX451204
II	OX442302
II	OX442281
II	OX442271
II	OX442279
II	OX442288
II	OX442293
II	OX442278
II	OX442305
II	OX442277
II	OX442308
II	OX442286
II	OX442276
II	OX442299
II	OX442283
II	OX442295
II	OX442273
II	OX442282
II	OX442303
II	OX442301
II	OX442348
II	OX442298
II	OX442284
II	OX442310
II	OX442275
II	OX442347
II	OX442287
II	OX442309
II	OX442297
II	OX442294
II	OX442306
II	OX442272
II	OX442280
II	OX442300
II	OX442304
II	OX442291
II	OX442289
II	OX442296
II	LR989885
II	LR989888
II	LR743455
II	LR743447
II	LR743448
II	LR743453
II	LR743454
II	LR743457
II	LR743452
II	LR743456
II	LR743451
II	LR743458
II	LR743431
II	LR743450
II	LR743422
II	LR743430
II	LR743432
II	LR743435
II	LR743426
II	LR743449
II	LR743423
II	LR743427
II	LR743444
II	LR743425
II	LR743429
II	LR743443
II	LR743442
II	LR743434
II	LR743446
II	LR743445
II	LR743436
II	LR743433
II	LR743437
II	LR743428
II	LR743424
II	LR743421
II	MH924836
II	MH910045
II	MH986055
II	MH986056
II	MN794937
II	MN794935
II	MN794939
II	MN794938
II	MW142226
II	MW142225
II	MW142224
II	MW142223
II	MW142227
II	MZ964752
II	MZ964751
II	MZ964753
	OP810567
	OP810566
	OP810565
II	OQ326499
	OQ725906
	OQ725909
	OQ725908
	OQ725907
II	MH549209
II	MK473443
II	KF179639
II	HQ537483
II	KJ577739
II	KJ577738
II	KJ883345
II	KJ883344
II	KJ883343
II	KJ883342
II	KJ883341
II	KJ883350
II	KJ883349
II	KJ883348
II	KJ883347
II	KJ883346
II	KY594040
II	MN481589
II	MN480795
II	MN480794
II	MN480793
II	MN480792
II	MN481595
II	MN481594
II	MN481593
II	MN481592
II	MN481591
II	MN481590
II	MN481597
II	MN481596
II	MN652880
II	MN652879
II	MN652878
II	MT341471
II	MT341470
II	OL840871
II	OL840877
II	OL840876
II	OL840875
II	OL840874
II	OL840873
II	OL840872
II	OL840883
II	OL840882
II	OL840881
II	OL840880
II	OL840879
II	OL840878
II	OL840889
II	OL840888
II	OL840887
II	OL840886
II	OL840885
II	OL840884
II	OL840895
II	OL840894
II	OL840893
II	OL840892
II	OL840891
II	OL840890
II	OL840898
II	OL840897
II	OL840896
II	OL840899
II	OQ053519
II	OQ053518
II	OQ053517
II	OQ053516
II	OQ053515
II	OQ053525
II	OQ053524
II	OQ053523
II	OQ053522
II	OQ053521
II	OQ053520
II	OQ053531
II	OQ053530
II	OQ053529
II	OQ053528
II	OQ053527
II	OQ053526
II	OQ053537
II	OQ053536
II	OQ053535
II	OQ053534
II	OQ053533
II	OQ053532
II	OQ053539
II	OQ053538
II	OK239666
II	OK239660
II	OK239665
II	OK129332
II	OK239664
II	OK129329
II	OK239658
II	OK239670
II	OK239668
II	OK239669
II	OK239659
II	OK239662
II	OK239667
II	OK129330
II	OK129335
II	OK129331
II	OK239663
II	OK239661
II	OK129333
II	OK129336
II	OK129334
II	OK239672
II	OK239671
II	DQ116961
II	KC496015
II	KT359349
II	MZ605382
II	OP179287
II	OP179288
II	MN238670
II	MN238669
II.Sarafend	AY688948
II	OP734243
II	OP734242
II	OP734239
II	OP734238
	OP850024
	OP850029
	OP850028
II	ON032493
II	ON032492
II	ON032497
II	ON032495
II	ON813231
II	ON813230
	OP850026
II	ON032491
II	KF823806
	OP850025
	OP850027
II	OP734241
II	OP734240
II	ON032490
II	ON032489
II	ON032488
II	ON813233
II	ON032494
II	ON813232
	OQ204315
	OQ204314
II	ON032498
II	OP734244
II	KF647251
II	KF647250
II	KF647249
II	KF647248
II	KF588365
II	KF647252
II	KF823805
II	JN858070
II	KP789958
II	KP789957
II	KP789956
II	KP789955
II	KP789954
II	KP789953
II	KP789960
II	KP789959
II	KT207792
II	KT207791
II	KU573081
II	KU573080
II	KU573083
II	KU573082
II	MN939560
II	MN939559
II	MN939558
II	MN939557
II	MN939564
II	MN939563
II	MN939562
II	MN939561
II	MW862076
II	MW862075
II	MW862074
II	MW862073
II	MW862082
II	MW862081
II	MW862080
II	MW862079
II	MW862078
II	MW862077
II	MW862088
II	MW862087
II	MW862086
II	MW862085
II	MW862084
II	MW862083
II	MW862094
II	MW862093
II	MW862092
II	MW862091
II	MW862090
II	MW862089
II	MW862100
II	MW862099
II	MW862098
II	MW862097
II	MW862096
II	MW862095
II	MW862106
II	MW862105
II	MW862104
II	MW862103
II	MW862102
II	MW862101
II	MW862108
II	MW862107
II	OP009517
II	OP009516
II	MZ190466
II	MZ190465
II	MZ190464
II	MZ190467
II	KU978767
II	DQ176636
II	HM147823
II	MW383508
II	MW383507
II	ON755223
II	OP762595
II	OP762594
II	OP762593
II	OP762592
II	OP762597
II	OP762596
II	MW036633
II	MW036634
II	MZ268007
II	AY532665
III.RabV	AY765264
II.Ug37	M12294
II	LY683288
	OP561454
	OP561453
	OP561452
	OP561459
	OP561458
	OP561457
	OP561456
	OP561455
	OP804520
II	KJ934710
II	MH939154
II	MH939153
II	OP345101
	OR757509
	OR757501
	OR757510
II	OP345100
	OR757508
	OQ214888
	OR159870
	OR159869
	OR159871
	OR757502
	OR757499
	OR757503
	OR757511
II	OP345099
II	OP345104
	OR757498
	OR757507
	OQ214889
	OR159873
II	OP345098
	OR757512
IV	FJ159131
IV	FJ159130
IV	FJ159129
II	FJ425721
II	OP345089
II	OP345088
II	OP345087
II	OP345086
II	OP345095
II	OP345094
II	OP345093
II	OP345092
II	OP345091
II	OP345090
II	OP345097
II	OP345096
II	OP345107
II	OP345106
II	OP345105
II	OP345103
II	OP345102
II	OP345108
	OQ214891
	OQ214890
	OR159872
	OR757500
	OR757506
	OR757505
	OR757504
II	MN812762
II	MN812761
II	OP345085
IV.Rus98	AY277251
II	MN619803
II	MN619802
II	MN619801
II	MN619800
II	MN812760
II	MN812759
II	MN812758
II	MN812757
II	ON813219
II	ON813217
II	ON813218
II	DQ318019
VIII	KY703856
VII.koutango	KY703855
II	OP870454
II	OP846976
VII.koutango	OP846972
II	OP870453
II	OP870460
II	OP870459
II	OP870458
II	OP870457
II	OP870456
II	OP870455
II	OP870461
II	MW751838
II	MW751837
II	MW751843
II	MW751836
II	MW751841
II	MW751840
II	MW751839
II	MW751845
II	MW751844
II	MW751835
II	MW751842
II	MW751846
II	MW751834
II	KC407673
II	KC496016
II	KT757319
II	KT757318
II	KT757323
II	KT757322
II	KT757321
II	KT757320
II	KX375812
II	MH244513
II	MH244510
II	MH244512
II	MH244511
II	MW561633
II	MK947397
II	MK947396
II	JN393308
	EU068667
II	HM147822
II	KM052152
II	OM037671
II	OM037670
II	OM037672
II	OM037673
	OR091151
II	KY523178
	OP345226
II	JX041631
II	LC318700
II	EF429197
II	EF429198
II	EF429199
II	EF429200
VII.koutango	EU082200
VII.koutango	MN057643
